Date,Symbol,Cap,Sector,Snapshot_Price,RSI,Short_Term_Call,Medium_Term_Call,Long_Term_Call
2026-09-19,ADANIENT,Large Cap,Metals & Mining,3020.0,51.8,BUY,AVOID,INVESTABLE
2026-09-19,ADANIPORTS,Large Cap,Services,1824.0,64.3,BUY,BUY,INVESTABLE
2026-09-19,APOLLOHOSP,Large Cap,Healthcare,8944.5,57.0,BUY,BUY,INVESTABLE
2026-09-19,ASIANPAINT,Large Cap,Consumer Durables,2451.3,33.9,SELL,AVOID,AVOID
2026-09-19,AXISBANK,Large Cap,Financial Services,1257.0,52.1,BUY,BUY,AVOID
2026-09-19,BAJAJ-AUTO,Large Cap,Automobile and Auto Components,11414.0,42.3,SELL,AVOID,INVESTABLE
2026-09-19,BAJFINANCE,Large Cap,Financial Services,1040.3,45.6,SELL,AVOID,INVESTABLE
2026-09-19,BAJAJFINSV,Large Cap,Financial Services,1852.5,31.5,BUY,AVOID,AVOID
2026-09-19,BEL,Large Cap,Capital Goods,393.3,41.8,SELL,AVOID,AVOID
2026-09-19,BHARTIARTL,Large Cap,Telecommunication,1893.3,54.4,BUY,AVOID,AVOID
2026-09-19,CIPLA,Large Cap,Healthcare,1394.5,48.5,SELL,AVOID,INVESTABLE
2026-09-19,COALINDIA,Large Cap,Oil Gas & Consumable Fuels,409.9,45.6,SELL,AVOID,AVOID
2026-09-19,DRREDDY,Large Cap,Healthcare,1185.0,55.3,BUY,BUY,AVOID
2026-09-19,EICHERMOT,Large Cap,Automobile and Auto Components,7516.0,36.0,SELL,AVOID,INVESTABLE
2026-09-19,ETERNAL,Large Cap,Consumer Services,326.85,59.7,BUY,BUY,INVESTABLE
2026-09-19,GRASIM,Large Cap,Construction Materials,3209.2,43.5,SELL,AVOID,INVESTABLE
2026-09-19,HCLTECH,Large Cap,Information Technology,1249.3,44.3,SELL,AVOID,AVOID
2026-09-19,HDFCBANK,Large Cap,Financial Services,731.0,56.0,BUY,AVOID,AVOID
2026-09-19,HDFCLIFE,Large Cap,Financial Services,550.95,55.2,BUY,BUY,AVOID
2026-09-19,HINDALCO,Large Cap,Metals & Mining,986.5,44.1,SELL,AVOID,INVESTABLE
2026-09-19,HINDUNILVR,Large Cap,Fast Moving Consumer Goods,1932.0,36.9,SELL,AVOID,AVOID
2026-09-19,ICICIBANK,Large Cap,Financial Services,1338.9,30.4,BUY,AVOID,AVOID
2026-09-19,ITC,Large Cap,Fast Moving Consumer Goods,262.3,43.4,SELL,AVOID,AVOID
2026-09-19,INFY,Large Cap,Information Technology,1051.4,39.2,SELL,AVOID,AVOID
2026-09-19,INDIGO,Large Cap,Services,4920.0,42.9,SELL,AVOID,INVESTABLE
2026-09-19,JSWSTEEL,Large Cap,Metals & Mining,1275.6,47.2,SELL,AVOID,INVESTABLE
2026-09-19,JIOFIN,Large Cap,Financial Services,229.89,39.4,SELL,AVOID,AVOID
2026-09-19,KOTAKBANK,Large Cap,Financial Services,412.5,51.3,SELL,BUY,INVESTABLE
2026-09-19,LT,Large Cap,Construction,3885.0,41.8,SELL,AVOID,AVOID
2026-09-19,M&M,Large Cap,Automobile and Auto Components,3052.0,30.5,BUY,AVOID,AVOID
2026-09-19,MARUTI,Large Cap,Automobile and Auto Components,12103.0,25.2,BUY,AVOID,AVOID
2026-09-19,MAXHEALTH,Large Cap,Healthcare,1049.3,57.7,BUY,BUY,INVESTABLE
2026-09-19,NTPC,Large Cap,Power,323.65,36.3,SELL,AVOID,AVOID
2026-09-19,NESTLEIND,Large Cap,Fast Moving Consumer Goods,1372.4,35.1,SELL,AVOID,INVESTABLE
2026-09-19,ONGC,Large Cap,Oil Gas & Consumable Fuels,232.8,44.5,SELL,AVOID,AVOID
2026-09-19,POWERGRID,Large Cap,Power,270.3,52.2,BUY,AVOID,AVOID
2026-09-19,RELIANCE,Large Cap,Oil Gas & Consumable Fuels,1226.4,32.0,BUY,AVOID,AVOID
2026-09-19,SBILIFE,Large Cap,Financial Services,1731.0,48.0,HOLD,AVOID,AVOID
2026-09-19,SHRIRAMFIN,Large Cap,Financial Services,1010.0,39.7,SELL,AVOID,INVESTABLE
2026-09-19,SBIN,Large Cap,Financial Services,996.2,41.9,SELL,AVOID,AVOID
2026-09-19,360ONE,Mid Cap,Financial Services,1073.1,36.7,SELL,AVOID,AVOID
2026-09-19,3MINDIA,Mid Cap,Diversified,34095.0,54.9,BUY,AVOID,INVESTABLE
2026-09-19,ACC,Mid Cap,Construction Materials,1259.7,43.4,SELL,AVOID,AVOID
2026-09-19,AIAENG,Mid Cap,Capital Goods,3973.3,35.5,SELL,AVOID,AVOID
2026-09-19,APLAPOLLO,Mid Cap,Capital Goods,2270.1,65.1,HOLD,BUY,INVESTABLE
2026-09-19,AUBANK,Mid Cap,Financial Services,1058.6,48.3,SELL,AVOID,INVESTABLE
2026-09-19,AWL,Mid Cap,Fast Moving Consumer Goods,186.98,46.4,SELL,AVOID,AVOID
2026-09-19,ABBOTINDIA,Mid Cap,Healthcare,27270.0,63.0,BUY,BUY,INVESTABLE
2026-09-19,ATGL,Mid Cap,Oil Gas & Consumable Fuels,660.7,61.8,BUY,BUY,INVESTABLE
2026-09-19,ABCAPITAL,Mid Cap,Financial Services,410.05,56.8,BUY,BUY,INVESTABLE
2026-09-19,AJANTPHARM,Mid Cap,Healthcare,3563.6,54.3,BUY,BUY,INVESTABLE
2026-09-19,ALKEM,Mid Cap,Healthcare,5466.5,61.8,BUY,BUY,AVOID
2026-09-19,ANTHEM,Mid Cap,Healthcare,928.5,56.3,BUY,BUY,INVESTABLE
2026-09-19,APARINDS,Mid Cap,Capital Goods,18858.0,65.6,HOLD,BUY,INVESTABLE
2026-09-19,APOLLOTYRE,Mid Cap,Automobile and Auto Components,409.3,36.4,SELL,AVOID,AVOID
2026-09-19,ASHOKLEY,Mid Cap,Capital Goods,163.0,43.7,SELL,AVOID,AVOID
2026-09-19,ASTRAL,Mid Cap,Capital Goods,1427.7,42.5,SELL,AVOID,AVOID
2026-09-19,AUROPHARMA,Mid Cap,Healthcare,1734.0,63.2,BUY,BUY,INVESTABLE
2026-09-19,AIIL,Mid Cap,Financial Services,559.0,56.7,BUY,BUY,INVESTABLE
2026-09-19,BSE,Mid Cap,Financial Services,3266.4,43.4,SELL,AVOID,AVOID
2026-09-19,BAJAJHFL,Mid Cap,Financial Services,85.58,57.5,BUY,BUY,AVOID
2026-09-19,BALKRISIND,Mid Cap,Automobile and Auto Components,2265.3,50.2,SELL,AVOID,AVOID
2026-09-19,BANKINDIA,Mid Cap,Financial Services,140.0,45.7,SELL,AVOID,AVOID
2026-09-19,MAHABANK,Mid Cap,Financial Services,83.54,53.2,BUY,BUY,INVESTABLE
2026-09-19,BERGEPAINT,Mid Cap,Consumer Durables,458.65,32.8,BUY,AVOID,AVOID
2026-09-19,BDL,Mid Cap,Capital Goods,1196.6,40.7,SELL,AVOID,AVOID
2026-09-19,BHARATFORG,Mid Cap,Automobile and Auto Components,1962.1,44.5,SELL,AVOID,INVESTABLE
2026-09-19,BHEL,Mid Cap,Capital Goods,439.9,58.7,BUY,BUY,INVESTABLE
2026-09-19,BHARTIHEXA,Mid Cap,Telecommunication,1540.1,49.5,SELL,AVOID,AVOID
2026-09-19,GROWW,Mid Cap,Financial Services,191.76,45.9,SELL,AVOID,INVESTABLE
2026-09-19,BIOCON,Mid Cap,Healthcare,385.0,36.4,SELL,AVOID,AVOID
2026-09-19,BLUESTARCO,Mid Cap,Consumer Durables,1531.8,52.0,BUY,AVOID,AVOID
2026-09-19,CRISIL,Mid Cap,Financial Services,4577.5,47.5,SELL,BUY,INVESTABLE
2026-09-19,COCHINSHIP,Mid Cap,Capital Goods,1398.0,43.7,SELL,AVOID,AVOID
2026-09-19,COFORGE,Mid Cap,Information Technology,1841.0,49.9,SELL,BUY,INVESTABLE
2026-09-19,COLPAL,Mid Cap,Fast Moving Consumer Goods,1917.8,56.6,BUY,AVOID,AVOID
2026-09-19,CONCOR,Mid Cap,Services,504.55,50.8,SELL,AVOID,INVESTABLE
2026-09-19,COROMANDEL,Mid Cap,Chemicals,1999.5,56.3,BUY,AVOID,AVOID
2026-09-19,DABUR,Mid Cap,Fast Moving Consumer Goods,395.25,56.0,BUY,AVOID,AVOID
2026-09-19,DALBHARAT,Mid Cap,Construction Materials,1761.4,47.7,SELL,AVOID,AVOID
2026-09-19,ACMESOLAR,Small Cap,Power,435.25,67.0,HOLD,BUY,INVESTABLE
2026-09-19,AADHARHFC,Small Cap,Financial Services,461.65,42.3,SELL,AVOID,AVOID
2026-09-19,AARTIIND,Small Cap,Chemicals,491.15,46.1,SELL,AVOID,INVESTABLE
2026-09-19,AAVAS,Small Cap,Financial Services,1284.6,40.7,SELL,AVOID,AVOID
2026-09-19,ACE,Small Cap,Capital Goods,1229.2,70.3,SELL,BUY,INVESTABLE
2026-09-19,ACUTAAS,Small Cap,Healthcare,3440.3,58.6,BUY,BUY,INVESTABLE
2026-09-19,ABFRL,Small Cap,Consumer Services,50.16,36.6,SELL,AVOID,AVOID
2026-09-19,ABLBL,Small Cap,Consumer Services,81.17,29.5,BUY,AVOID,AVOID
2026-09-19,ABREL,Small Cap,Realty,1266.2,35.7,SELL,AVOID,AVOID
2026-09-19,ABSLAMC,Small Cap,Financial Services,1060.4,51.4,BUY,BUY,INVESTABLE
2026-09-19,CPPLUS,Small Cap,Capital Goods,3355.1,37.0,SELL,AVOID,INVESTABLE
2026-09-19,AEGISLOG,Small Cap,Oil Gas & Consumable Fuels,1415.4,60.3,BUY,BUY,INVESTABLE
2026-09-19,AEGISVOPAK,Small Cap,Oil Gas & Consumable Fuels,314.95,69.7,HOLD,BUY,INVESTABLE
2026-09-19,AFCONS,Small Cap,Construction,263.4,41.3,SELL,AVOID,AVOID
2026-09-19,AFFLE,Small Cap,Information Technology,1603.5,50.7,SELL,BUY,INVESTABLE
2026-09-19,ABDL,Small Cap,Fast Moving Consumer Goods,647.6,61.5,BUY,BUY,INVESTABLE
2026-09-19,ARE&M,Small Cap,Automobile and Auto Components,796.0,24.7,BUY,AVOID,AVOID
2026-09-19,AMBER,Small Cap,Consumer Durables,7125.0,42.2,SELL,AVOID,AVOID
2026-09-19,ANANDRATHI,Small Cap,Financial Services,2229.4,61.3,BUY,BUY,INVESTABLE
2026-09-19,ANANTRAJ,Small Cap,Realty,606.15,50.1,SELL,AVOID,INVESTABLE
2026-09-19,ANGELONE,Small Cap,Financial Services,299.1,51.3,BUY,AVOID,INVESTABLE
2026-09-19,ANURAS,Small Cap,Chemicals,1207.7,42.8,SELL,AVOID,AVOID
2026-09-19,APTUS,Small Cap,Financial Services,237.68,28.7,BUY,AVOID,AVOID
2026-09-19,ASAHIINDIA,Small Cap,Automobile and Auto Components,961.05,55.6,BUY,BUY,INVESTABLE
2026-09-19,ASTERDM,Small Cap,Healthcare,755.05,41.4,SELL,AVOID,INVESTABLE
2026-09-19,ATHERENERG,Small Cap,Automobile and Auto Components,1640.0,59.4,BUY,BUY,INVESTABLE
2026-09-19,ATUL,Small Cap,Chemicals,6170.5,38.2,SELL,AVOID,AVOID
2026-09-19,BEML,Small Cap,Capital Goods,2135.0,64.2,BUY,BUY,INVESTABLE
2026-09-19,BLS,Small Cap,Consumer Services,226.5,31.7,BUY,AVOID,AVOID
2026-09-19,BALRAMCHIN,Small Cap,Fast Moving Consumer Goods,672.6,49.5,SELL,BUY,INVESTABLE
2026-09-19,BANDHANBNK,Small Cap,Financial Services,175.0,54.2,BUY,AVOID,INVESTABLE
2026-09-19,BATAINDIA,Small Cap,Consumer Durables,638.3,32.5,BUY,AVOID,AVOID
2026-09-19,BAYERCROP,Small Cap,Chemicals,3779.5,22.2,BUY,AVOID,AVOID
2026-09-19,BELRISE,Small Cap,Automobile and Auto Components,240.18,60.6,BUY,BUY,INVESTABLE
2026-09-19,BIKAJI,Small Cap,Fast Moving Consumer Goods,580.25,47.6,SELL,AVOID,AVOID
2026-09-19,BSOFT,Small Cap,Information Technology,280.4,40.1,SELL,AVOID,AVOID
2026-09-19,BLUEDART,Small Cap,Services,4821.0,36.0,SELL,AVOID,AVOID
2026-09-19,BLUEJET,Small Cap,Healthcare,575.25,50.0,SELL,AVOID,INVESTABLE
2026-09-19,BBTC,Small Cap,Fast Moving Consumer Goods,1512.1,55.7,BUY,BUY,AVOID
2026-09-19,FIRSTCRY,Small Cap,Consumer Services,172.15,33.2,SELL,AVOID,AVOID
2026-09-21,ADANIENT,Large Cap,Metals & Mining,2975.0,47.9,SELL,AVOID,INVESTABLE
2026-09-21,ADANIPORTS,Large Cap,Services,1788.5,58.2,BUY,BUY,INVESTABLE
2026-09-21,APOLLOHOSP,Large Cap,Healthcare,8930.0,56.5,BUY,BUY,INVESTABLE
2026-09-21,ASIANPAINT,Large Cap,Consumer Durables,2450.0,33.8,SELL,AVOID,AVOID
2026-09-21,AXISBANK,Large Cap,Financial Services,1248.0,49.2,SELL,AVOID,AVOID
2026-09-21,BAJAJ-AUTO,Large Cap,Automobile and Auto Components,11510.0,45.6,SELL,BUY,INVESTABLE
2026-09-21,BAJFINANCE,Large Cap,Financial Services,1024.7,41.2,SELL,AVOID,INVESTABLE
2026-09-21,BAJAJFINSV,Large Cap,Financial Services,1856.0,32.5,BUY,AVOID,AVOID
2026-09-21,BEL,Large Cap,Capital Goods,398.0,46.3,SELL,AVOID,AVOID
2026-09-21,BHARTIARTL,Large Cap,Telecommunication,1831.4,43.7,SELL,AVOID,AVOID
2026-09-21,CIPLA,Large Cap,Healthcare,1379.0,44.3,SELL,AVOID,INVESTABLE
2026-09-21,COALINDIA,Large Cap,Oil Gas & Consumable Fuels,413.4,48.8,HOLD,BUY,AVOID
2026-09-21,DRREDDY,Large Cap,Healthcare,1202.0,59.6,BUY,BUY,AVOID
2026-09-21,EICHERMOT,Large Cap,Automobile and Auto Components,7515.5,36.0,SELL,AVOID,INVESTABLE
2026-09-21,ETERNAL,Large Cap,Consumer Services,335.4,67.3,HOLD,BUY,INVESTABLE
2026-09-21,GRASIM,Large Cap,Construction Materials,3170.0,38.7,SELL,AVOID,INVESTABLE
2026-09-21,HCLTECH,Large Cap,Information Technology,1281.0,51.5,BUY,AVOID,AVOID
2026-09-21,HDFCBANK,Large Cap,Financial Services,740.5,59.9,BUY,BUY,AVOID
2026-09-21,HDFCLIFE,Large Cap,Financial Services,560.0,58.6,BUY,BUY,AVOID
2026-09-21,HINDALCO,Large Cap,Metals & Mining,977.2,40.9,SELL,AVOID,INVESTABLE
2026-09-21,HINDUNILVR,Large Cap,Fast Moving Consumer Goods,1951.0,41.0,SELL,AVOID,AVOID
2026-09-21,ICICIBANK,Large Cap,Financial Services,1345.6,33.4,SELL,AVOID,AVOID
2026-09-21,ITC,Large Cap,Fast Moving Consumer Goods,267.45,50.9,BUY,AVOID,AVOID
2026-09-21,INFY,Large Cap,Information Technology,1040.5,37.1,SELL,AVOID,AVOID
2026-09-21,INDIGO,Large Cap,Services,4941.0,44.5,SELL,AVOID,INVESTABLE
2026-09-21,JSWSTEEL,Large Cap,Metals & Mining,1270.4,46.0,SELL,AVOID,INVESTABLE
2026-09-21,JIOFIN,Large Cap,Financial Services,230.24,40.2,SELL,AVOID,AVOID
2026-09-21,KOTAKBANK,Large Cap,Financial Services,415.3,54.2,SELL,BUY,INVESTABLE
2026-09-21,LT,Large Cap,Construction,3896.0,43.3,SELL,AVOID,AVOID
2026-09-21,M&M,Large Cap,Automobile and Auto Components,3060.7,32.1,BUY,AVOID,AVOID
2026-09-21,MARUTI,Large Cap,Automobile and Auto Components,12165.0,28.0,BUY,AVOID,AVOID
2026-09-21,MAXHEALTH,Large Cap,Healthcare,1068.0,62.7,BUY,BUY,INVESTABLE
2026-09-21,NTPC,Large Cap,Power,326.5,41.5,SELL,AVOID,AVOID
2026-09-21,NESTLEIND,Large Cap,Fast Moving Consumer Goods,1389.8,41.1,SELL,AVOID,INVESTABLE
2026-09-21,ONGC,Large Cap,Oil Gas & Consumable Fuels,235.25,49.6,HOLD,AVOID,AVOID
2026-09-21,POWERGRID,Large Cap,Power,267.0,47.4,HOLD,AVOID,AVOID
2026-09-21,RELIANCE,Large Cap,Oil Gas & Consumable Fuels,1246.4,40.0,SELL,AVOID,AVOID
2026-09-21,SBILIFE,Large Cap,Financial Services,1767.0,53.4,BUY,AVOID,AVOID
2026-09-21,SHRIRAMFIN,Large Cap,Financial Services,1012.0,40.4,SELL,AVOID,INVESTABLE
2026-09-21,SBIN,Large Cap,Financial Services,996.0,41.8,SELL,AVOID,AVOID
2026-09-21,360ONE,Mid Cap,Financial Services,1076.0,37.7,SELL,AVOID,AVOID
2026-09-21,3MINDIA,Mid Cap,Diversified,34700.0,58.7,BUY,BUY,INVESTABLE
2026-09-21,ACC,Mid Cap,Construction Materials,1256.8,42.3,SELL,AVOID,AVOID
2026-09-21,AIAENG,Mid Cap,Capital Goods,3947.7,33.8,SELL,AVOID,AVOID
2026-09-21,APLAPOLLO,Mid Cap,Capital Goods,2184.0,54.9,BUY,BUY,INVESTABLE
2026-09-21,AUBANK,Mid Cap,Financial Services,1039.0,43.0,SELL,AVOID,INVESTABLE
2026-09-21,AWL,Mid Cap,Fast Moving Consumer Goods,183.59,40.6,SELL,AVOID,AVOID
2026-09-21,ABBOTINDIA,Mid Cap,Healthcare,26980.0,60.1,BUY,BUY,INVESTABLE
2026-09-21,ATGL,Mid Cap,Oil Gas & Consumable Fuels,638.15,53.5,BUY,AVOID,INVESTABLE
2026-09-21,ABCAPITAL,Mid Cap,Financial Services,403.5,52.5,BUY,BUY,INVESTABLE
2026-09-21,AJANTPHARM,Mid Cap,Healthcare,3545.2,52.1,BUY,BUY,INVESTABLE
2026-09-21,ALKEM,Mid Cap,Healthcare,5367.0,54.1,BUY,AVOID,AVOID
2026-09-21,ANTHEM,Mid Cap,Healthcare,915.0,51.8,SELL,BUY,INVESTABLE
2026-09-21,APARINDS,Mid Cap,Capital Goods,18969.0,66.2,HOLD,BUY,INVESTABLE
2026-09-21,APOLLOTYRE,Mid Cap,Automobile and Auto Components,409.15,36.3,SELL,AVOID,AVOID
2026-09-21,ASHOKLEY,Mid Cap,Capital Goods,161.59,41.6,SELL,AVOID,AVOID
2026-09-21,ASTRAL,Mid Cap,Capital Goods,1404.5,36.2,SELL,AVOID,AVOID
2026-09-21,AUROPHARMA,Mid Cap,Healthcare,1718.0,61.3,BUY,BUY,INVESTABLE
2026-09-21,AIIL,Mid Cap,Financial Services,559.75,56.9,BUY,BUY,INVESTABLE
2026-09-21,BSE,Mid Cap,Financial Services,3160.4,37.7,SELL,AVOID,AVOID
2026-09-21,BAJAJHFL,Mid Cap,Financial Services,83.94,48.7,HOLD,AVOID,AVOID
2026-09-21,BALKRISIND,Mid Cap,Automobile and Auto Components,2217.8,45.3,SELL,AVOID,AVOID
2026-09-21,BANKINDIA,Mid Cap,Financial Services,138.44,41.4,SELL,AVOID,AVOID
2026-09-21,MAHABANK,Mid Cap,Financial Services,82.0,48.3,SELL,BUY,INVESTABLE
2026-09-21,BERGEPAINT,Mid Cap,Consumer Durables,449.0,29.0,BUY,AVOID,AVOID
2026-09-21,BDL,Mid Cap,Capital Goods,1174.5,37.4,SELL,AVOID,AVOID
2026-09-21,BHARATFORG,Mid Cap,Automobile and Auto Components,1970.0,45.5,SELL,AVOID,INVESTABLE
2026-09-21,BHEL,Mid Cap,Capital Goods,434.8,55.6,BUY,BUY,INVESTABLE
2026-09-21,BHARTIHEXA,Mid Cap,Telecommunication,1516.8,45.9,SELL,AVOID,AVOID
2026-09-21,GROWW,Mid Cap,Financial Services,190.3,44.1,SELL,AVOID,INVESTABLE
2026-09-21,BIOCON,Mid Cap,Healthcare,395.15,46.5,SELL,AVOID,INVESTABLE
2026-09-21,BLUESTARCO,Mid Cap,Consumer Durables,1563.4,55.9,BUY,AVOID,AVOID
2026-09-21,CRISIL,Mid Cap,Financial Services,4602.7,49.4,SELL,BUY,INVESTABLE
2026-09-21,COCHINSHIP,Mid Cap,Capital Goods,1382.5,41.9,SELL,AVOID,AVOID
2026-09-21,COFORGE,Mid Cap,Information Technology,1810.2,46.4,SELL,BUY,INVESTABLE
2026-09-21,COLPAL,Mid Cap,Fast Moving Consumer Goods,1880.0,50.6,BUY,AVOID,AVOID
2026-09-21,CONCOR,Mid Cap,Services,488.95,43.1,SELL,AVOID,AVOID
2026-09-21,COROMANDEL,Mid Cap,Chemicals,1940.9,44.6,HOLD,AVOID,AVOID
2026-09-21,DABUR,Mid Cap,Fast Moving Consumer Goods,388.1,48.7,HOLD,AVOID,AVOID
2026-09-21,DALBHARAT,Mid Cap,Construction Materials,1764.0,48.1,SELL,AVOID,AVOID
2026-09-21,ACMESOLAR,Small Cap,Power,458.8,73.3,SELL,BUY,INVESTABLE
2026-09-21,AADHARHFC,Small Cap,Financial Services,465.7,44.9,SELL,AVOID,AVOID
2026-09-21,AARTIIND,Small Cap,Chemicals,500.4,50.4,SELL,AVOID,INVESTABLE
2026-09-21,AAVAS,Small Cap,Financial Services,1321.7,51.5,BUY,AVOID,AVOID
2026-09-21,ACE,Small Cap,Capital Goods,1232.1,70.7,SELL,BUY,INVESTABLE
2026-09-21,ACUTAAS,Small Cap,Healthcare,3421.3,57.3,BUY,BUY,INVESTABLE
2026-09-21,ABFRL,Small Cap,Consumer Services,49.88,35.6,SELL,AVOID,AVOID
2026-09-21,ABLBL,Small Cap,Consumer Services,80.89,28.8,BUY,AVOID,AVOID
2026-09-21,ABREL,Small Cap,Realty,1234.0,30.6,BUY,AVOID,AVOID
2026-09-21,ABSLAMC,Small Cap,Financial Services,1034.7,46.9,SELL,AVOID,INVESTABLE
2026-09-21,CPPLUS,Small Cap,Capital Goods,3489.4,44.6,SELL,AVOID,INVESTABLE
2026-09-21,AEGISLOG,Small Cap,Oil Gas & Consumable Fuels,1479.9,65.2,HOLD,BUY,INVESTABLE
2026-09-21,AEGISVOPAK,Small Cap,Oil Gas & Consumable Fuels,317.75,70.9,SELL,BUY,INVESTABLE
2026-09-21,AFCONS,Small Cap,Construction,256.6,37.3,SELL,AVOID,AVOID
2026-09-21,AFFLE,Small Cap,Information Technology,1604.1,50.7,BUY,AVOID,INVESTABLE
2026-09-21,ABDL,Small Cap,Fast Moving Consumer Goods,656.15,64.3,BUY,BUY,INVESTABLE
2026-09-21,ARE&M,Small Cap,Automobile and Auto Components,795.0,24.4,BUY,AVOID,AVOID
2026-09-21,AMBER,Small Cap,Consumer Durables,7105.0,41.5,SELL,AVOID,AVOID
2026-09-21,ANANDRATHI,Small Cap,Financial Services,2208.2,55.8,BUY,BUY,INVESTABLE
2026-09-21,ANANTRAJ,Small Cap,Realty,595.25,45.6,SELL,AVOID,INVESTABLE
2026-09-21,ANGELONE,Small Cap,Financial Services,296.3,49.0,HOLD,AVOID,INVESTABLE
2026-09-21,ANURAS,Small Cap,Chemicals,1161.5,31.5,BUY,AVOID,AVOID
2026-09-21,APTUS,Small Cap,Financial Services,237.02,28.1,BUY,AVOID,AVOID
2026-09-21,ASAHIINDIA,Small Cap,Automobile and Auto Components,950.15,50.9,SELL,BUY,INVESTABLE
2026-09-21,ASTERDM,Small Cap,Healthcare,758.5,43.1,SELL,AVOID,INVESTABLE
2026-09-21,ATHERENERG,Small Cap,Automobile and Auto Components,1594.0,54.1,SELL,BUY,INVESTABLE
2026-09-21,ATUL,Small Cap,Chemicals,6095.5,33.3,SELL,AVOID,AVOID
2026-09-21,BEML,Small Cap,Capital Goods,2097.0,60.0,BUY,BUY,INVESTABLE
2026-09-21,BLS,Small Cap,Consumer Services,232.58,41.5,SELL,AVOID,AVOID
2026-09-21,BALRAMCHIN,Small Cap,Fast Moving Consumer Goods,662.9,47.2,SELL,BUY,INVESTABLE
2026-09-21,BANDHANBNK,Small Cap,Financial Services,178.81,59.8,BUY,BUY,INVESTABLE
2026-09-21,BATAINDIA,Small Cap,Consumer Durables,634.75,31.1,BUY,AVOID,AVOID
2026-09-21,BAYERCROP,Small Cap,Chemicals,3776.9,22.1,BUY,AVOID,AVOID
2026-09-21,BELRISE,Small Cap,Automobile and Auto Components,241.41,61.9,BUY,BUY,INVESTABLE
2026-09-21,BIKAJI,Small Cap,Fast Moving Consumer Goods,559.8,39.7,SELL,AVOID,AVOID
2026-09-21,BSOFT,Small Cap,Information Technology,284.2,44.2,SELL,AVOID,AVOID
2026-09-21,BLUEDART,Small Cap,Services,4801.0,34.8,SELL,AVOID,AVOID
2026-09-21,BLUEJET,Small Cap,Healthcare,580.2,52.6,BUY,AVOID,INVESTABLE
2026-09-21,BBTC,Small Cap,Fast Moving Consumer Goods,1484.4,52.0,BUY,BUY,AVOID
2026-09-21,FIRSTCRY,Small Cap,Consumer Services,170.1,31.2,BUY,AVOID,AVOID
2026-09-22,ADANIENT,Large Cap,Metals & Mining,2997.0,49.9,HOLD,AVOID,INVESTABLE
2026-09-22,ADANIPORTS,Large Cap,Services,1795.0,58.9,BUY,BUY,INVESTABLE
2026-09-22,APOLLOHOSP,Large Cap,Healthcare,8835.5,51.3,BUY,BUY,INVESTABLE
2026-09-22,ASIANPAINT,Large Cap,Consumer Durables,2448.5,34.6,SELL,AVOID,AVOID
2026-09-22,AXISBANK,Large Cap,Financial Services,1242.7,47.4,SELL,AVOID,AVOID
2026-09-22,BAJAJ-AUTO,Large Cap,Automobile and Auto Components,11363.0,41.1,SELL,AVOID,INVESTABLE
2026-09-22,BAJFINANCE,Large Cap,Financial Services,1008.8,37.4,SELL,AVOID,INVESTABLE
2026-09-22,BAJAJFINSV,Large Cap,Financial Services,1823.4,28.6,BUY,AVOID,AVOID
2026-09-22,BEL,Large Cap,Capital Goods,397.9,46.3,SELL,AVOID,AVOID
2026-09-22,BHARTIARTL,Large Cap,Telecommunication,1817.2,41.7,SELL,AVOID,AVOID
2026-09-22,CIPLA,Large Cap,Healthcare,1384.1,45.7,SELL,AVOID,INVESTABLE
2026-09-22,COALINDIA,Large Cap,Oil Gas & Consumable Fuels,428.0,60.8,BUY,BUY,AVOID
2026-09-22,DRREDDY,Large Cap,Healthcare,1211.0,62.3,BUY,BUY,AVOID
2026-09-22,EICHERMOT,Large Cap,Automobile and Auto Components,7427.0,31.7,BUY,AVOID,INVESTABLE
2026-09-22,ETERNAL,Large Cap,Consumer Services,342.0,71.7,SELL,BUY,INVESTABLE
2026-09-22,GRASIM,Large Cap,Construction Materials,3128.2,36.3,SELL,AVOID,INVESTABLE
2026-09-22,HCLTECH,Large Cap,Information Technology,1270.4,49.2,SELL,AVOID,AVOID
2026-09-22,HDFCBANK,Large Cap,Financial Services,738.6,59.0,BUY,BUY,AVOID
2026-09-22,HDFCLIFE,Large Cap,Financial Services,559.2,58.3,BUY,BUY,AVOID
2026-09-22,HINDALCO,Large Cap,Metals & Mining,973.0,40.4,SELL,AVOID,AVOID
2026-09-22,HINDUNILVR,Large Cap,Fast Moving Consumer Goods,1933.8,38.6,SELL,AVOID,AVOID
2026-09-22,ICICIBANK,Large Cap,Financial Services,1339.6,31.9,BUY,AVOID,AVOID
2026-09-22,ITC,Large Cap,Fast Moving Consumer Goods,265.8,48.7,HOLD,AVOID,AVOID
2026-09-22,INFY,Large Cap,Information Technology,1029.4,35.1,SELL,AVOID,AVOID
2026-09-22,INDIGO,Large Cap,Services,5030.0,50.6,BUY,AVOID,INVESTABLE
2026-09-22,JSWSTEEL,Large Cap,Metals & Mining,1267.0,45.5,SELL,AVOID,INVESTABLE
2026-09-22,JIOFIN,Large Cap,Financial Services,230.7,41.2,SELL,AVOID,AVOID
2026-09-22,KOTAKBANK,Large Cap,Financial Services,412.65,51.2,SELL,BUY,INVESTABLE
2026-09-22,LT,Large Cap,Construction,3866.4,40.6,SELL,AVOID,AVOID
2026-09-22,M&M,Large Cap,Automobile and Auto Components,3044.5,30.2,BUY,AVOID,AVOID
2026-09-22,MARUTI,Large Cap,Automobile and Auto Components,12190.0,29.2,BUY,AVOID,AVOID
2026-09-22,MAXHEALTH,Large Cap,Healthcare,1056.5,58.3,BUY,BUY,INVESTABLE
2026-09-22,NTPC,Large Cap,Power,327.8,43.8,SELL,AVOID,AVOID
2026-09-22,NESTLEIND,Large Cap,Fast Moving Consumer Goods,1363.9,35.5,SELL,AVOID,INVESTABLE
2026-09-22,ONGC,Large Cap,Oil Gas & Consumable Fuels,236.13,51.3,BUY,AVOID,AVOID
2026-09-22,POWERGRID,Large Cap,Power,265.95,46.3,SELL,AVOID,AVOID
2026-09-22,RELIANCE,Large Cap,Oil Gas & Consumable Fuels,1240.4,38.6,SELL,AVOID,AVOID
2026-09-22,SBILIFE,Large Cap,Financial Services,1756.3,51.9,BUY,AVOID,AVOID
2026-09-22,SHRIRAMFIN,Large Cap,Financial Services,1006.0,39.0,SELL,AVOID,INVESTABLE
2026-09-22,SBIN,Large Cap,Financial Services,987.0,38.9,SELL,AVOID,AVOID
2026-09-22,360ONE,Mid Cap,Financial Services,1073.5,36.9,SELL,AVOID,AVOID
2026-09-22,3MINDIA,Mid Cap,Diversified,34220.0,55.3,BUY,AVOID,INVESTABLE
2026-09-22,ACC,Mid Cap,Construction Materials,1238.2,37.4,SELL,AVOID,AVOID
2026-09-22,AIAENG,Mid Cap,Capital Goods,3923.4,33.8,SELL,AVOID,AVOID
2026-09-22,APLAPOLLO,Mid Cap,Capital Goods,2195.0,55.9,BUY,BUY,INVESTABLE
2026-09-22,AUBANK,Mid Cap,Financial Services,1036.4,42.4,SELL,AVOID,INVESTABLE
2026-09-22,AWL,Mid Cap,Fast Moving Consumer Goods,183.1,39.9,SELL,AVOID,AVOID
2026-09-22,ABBOTINDIA,Mid Cap,Healthcare,27225.0,60.7,BUY,BUY,INVESTABLE
2026-09-22,ATGL,Mid Cap,Oil Gas & Consumable Fuels,626.25,50.5,BUY,AVOID,INVESTABLE
2026-09-22,ABCAPITAL,Mid Cap,Financial Services,397.0,48.5,SELL,AVOID,INVESTABLE
2026-09-22,AJANTPHARM,Mid Cap,Healthcare,3519.3,49.2,SELL,BUY,INVESTABLE
2026-09-22,ALKEM,Mid Cap,Healthcare,5331.5,51.7,BUY,AVOID,AVOID
2026-09-22,ANTHEM,Mid Cap,Healthcare,891.7,45.1,SELL,BUY,INVESTABLE
2026-09-22,APARINDS,Mid Cap,Capital Goods,18233.0,58.3,BUY,BUY,INVESTABLE
2026-09-22,APOLLOTYRE,Mid Cap,Automobile and Auto Components,402.55,32.3,BUY,AVOID,AVOID
2026-09-22,ASHOKLEY,Mid Cap,Capital Goods,160.75,40.4,SELL,AVOID,AVOID
2026-09-22,ASTRAL,Mid Cap,Capital Goods,1381.6,34.9,SELL,AVOID,AVOID
2026-09-22,AUROPHARMA,Mid Cap,Healthcare,1700.0,56.7,BUY,BUY,INVESTABLE
2026-09-22,AIIL,Mid Cap,Financial Services,546.9,52.2,BUY,AVOID,INVESTABLE
2026-09-22,BSE,Mid Cap,Financial Services,3235.0,43.3,SELL,AVOID,AVOID
2026-09-22,BAJAJHFL,Mid Cap,Financial Services,83.12,44.9,SELL,AVOID,AVOID
2026-09-22,BALKRISIND,Mid Cap,Automobile and Auto Components,2216.9,45.7,SELL,AVOID,AVOID
2026-09-22,BANKINDIA,Mid Cap,Financial Services,137.01,37.8,SELL,AVOID,AVOID
2026-09-22,MAHABANK,Mid Cap,Financial Services,82.4,49.5,SELL,BUY,INVESTABLE
2026-09-22,BERGEPAINT,Mid Cap,Consumer Durables,452.6,31.4,BUY,AVOID,AVOID
2026-09-22,BDL,Mid Cap,Capital Goods,1168.0,36.4,SELL,AVOID,AVOID
2026-09-22,BHARATFORG,Mid Cap,Automobile and Auto Components,2009.0,51.3,BUY,AVOID,INVESTABLE
2026-09-22,BHEL,Mid Cap,Capital Goods,425.8,50.7,SELL,BUY,INVESTABLE
2026-09-22,BHARTIHEXA,Mid Cap,Telecommunication,1534.3,49.4,HOLD,AVOID,AVOID
2026-09-22,GROWW,Mid Cap,Financial Services,189.18,42.7,SELL,AVOID,INVESTABLE
2026-09-22,BIOCON,Mid Cap,Healthcare,390.0,42.8,SELL,AVOID,AVOID
2026-09-22,BLUESTARCO,Mid Cap,Consumer Durables,1525.0,50.2,BUY,AVOID,AVOID
2026-09-22,CRISIL,Mid Cap,Financial Services,4559.8,46.4,SELL,BUY,INVESTABLE
2026-09-22,COCHINSHIP,Mid Cap,Capital Goods,1388.9,42.8,SELL,AVOID,AVOID
2026-09-22,COFORGE,Mid Cap,Information Technology,1803.0,45.7,SELL,BUY,INVESTABLE
2026-09-22,COLPAL,Mid Cap,Fast Moving Consumer Goods,1869.0,48.6,HOLD,AVOID,AVOID
2026-09-22,CONCOR,Mid Cap,Services,467.0,34.7,SELL,AVOID,AVOID
2026-09-22,COROMANDEL,Mid Cap,Chemicals,1944.9,46.6,HOLD,AVOID,AVOID
2026-09-22,DABUR,Mid Cap,Fast Moving Consumer Goods,388.1,48.9,HOLD,AVOID,AVOID
2026-09-22,DALBHARAT,Mid Cap,Construction Materials,1741.6,45.3,SELL,AVOID,AVOID
2026-09-22,ACMESOLAR,Small Cap,Power,458.65,73.2,SELL,BUY,INVESTABLE
2026-09-22,AADHARHFC,Small Cap,Financial Services,457.85,41.1,SELL,AVOID,AVOID
2026-09-22,AARTIIND,Small Cap,Chemicals,496.0,48.4,SELL,AVOID,INVESTABLE
2026-09-22,AAVAS,Small Cap,Financial Services,1313.1,49.7,HOLD,AVOID,AVOID
2026-09-22,ACE,Small Cap,Capital Goods,1241.9,71.9,SELL,BUY,INVESTABLE
2026-09-22,ACUTAAS,Small Cap,Healthcare,3213.7,46.1,SELL,AVOID,INVESTABLE
2026-09-22,ABFRL,Small Cap,Consumer Services,49.22,33.2,SELL,AVOID,AVOID
2026-09-22,ABLBL,Small Cap,Consumer Services,80.74,28.4,BUY,AVOID,AVOID
2026-09-22,ABREL,Small Cap,Realty,1201.1,27.8,BUY,AVOID,AVOID
2026-09-22,ABSLAMC,Small Cap,Financial Services,1027.0,45.6,SELL,AVOID,INVESTABLE
2026-09-22,CPPLUS,Small Cap,Capital Goods,3649.5,52.0,SELL,BUY,INVESTABLE
2026-09-22,AEGISLOG,Small Cap,Oil Gas & Consumable Fuels,1424.5,58.4,BUY,BUY,INVESTABLE
2026-09-22,AEGISVOPAK,Small Cap,Oil Gas & Consumable Fuels,301.4,56.7,BUY,BUY,INVESTABLE
2026-09-22,AFCONS,Small Cap,Construction,260.35,40.7,SELL,AVOID,AVOID
2026-09-22,AFFLE,Small Cap,Information Technology,1592.3,49.5,HOLD,AVOID,INVESTABLE
2026-09-22,ABDL,Small Cap,Fast Moving Consumer Goods,647.9,59.8,BUY,BUY,INVESTABLE
2026-09-22,ARE&M,Small Cap,Automobile and Auto Components,793.2,24.1,BUY,AVOID,AVOID
2026-09-22,AMBER,Small Cap,Consumer Durables,7000.0,38.0,SELL,AVOID,AVOID
2026-09-22,ANANDRATHI,Small Cap,Financial Services,2179.0,48.7,SELL,BUY,INVESTABLE
2026-09-22,ANANTRAJ,Small Cap,Realty,610.1,51.9,BUY,BUY,INVESTABLE
2026-09-22,ANGELONE,Small Cap,Financial Services,295.1,48.0,SELL,AVOID,INVESTABLE
2026-09-22,ANURAS,Small Cap,Chemicals,1197.9,45.0,SELL,AVOID,AVOID
2026-09-22,APTUS,Small Cap,Financial Services,242.08,37.3,SELL,AVOID,AVOID
2026-09-22,ASAHIINDIA,Small Cap,Automobile and Auto Components,965.15,56.4,BUY,BUY,INVESTABLE
2026-09-22,ASTERDM,Small Cap,Healthcare,750.7,40.6,SELL,AVOID,INVESTABLE
2026-09-22,ATHERENERG,Small Cap,Automobile and Auto Components,1543.8,48.9,SELL,BUY,INVESTABLE
2026-09-22,ATUL,Small Cap,Chemicals,6176.5,41.0,SELL,AVOID,AVOID
2026-09-22,BEML,Small Cap,Capital Goods,2096.8,61.3,BUY,BUY,INVESTABLE
2026-09-22,BLS,Small Cap,Consumer Services,228.71,38.5,SELL,AVOID,AVOID
2026-09-22,BALRAMCHIN,Small Cap,Fast Moving Consumer Goods,661.05,46.5,SELL,BUY,INVESTABLE
2026-09-22,BANDHANBNK,Small Cap,Financial Services,184.7,66.6,HOLD,BUY,INVESTABLE
2026-09-22,BATAINDIA,Small Cap,Consumer Durables,631.75,29.8,BUY,AVOID,AVOID
2026-09-22,BAYERCROP,Small Cap,Chemicals,3765.8,21.0,BUY,AVOID,AVOID
2026-09-22,BELRISE,Small Cap,Automobile and Auto Components,244.74,65.1,HOLD,BUY,INVESTABLE
2026-09-22,BIKAJI,Small Cap,Fast Moving Consumer Goods,553.65,37.8,SELL,AVOID,AVOID
2026-09-22,BSOFT,Small Cap,Information Technology,281.15,42.3,SELL,AVOID,AVOID
2026-09-22,BLUEDART,Small Cap,Services,4786.6,34.1,SELL,AVOID,AVOID
2026-09-22,BLUEJET,Small Cap,Healthcare,587.3,56.1,BUY,BUY,INVESTABLE
2026-09-22,BBTC,Small Cap,Fast Moving Consumer Goods,1460.4,48.7,SELL,AVOID,AVOID
2026-09-22,FIRSTCRY,Small Cap,Consumer Services,175.08,40.4,SELL,AVOID,AVOID
2026-09-23,ADANIENT,Large Cap,Metals & Mining,2993.2,49.6,HOLD,AVOID,INVESTABLE
2026-09-23,ADANIPORTS,Large Cap,Services,1807.3,60.4,BUY,BUY,INVESTABLE
2026-09-23,APOLLOHOSP,Large Cap,Healthcare,9069.0,61.5,BUY,BUY,INVESTABLE
2026-09-23,ASIANPAINT,Large Cap,Consumer Durables,2455.0,36.1,SELL,AVOID,AVOID
2026-09-23,AXISBANK,Large Cap,Financial Services,1243.2,47.6,SELL,AVOID,AVOID
2026-09-23,BAJAJ-AUTO,Large Cap,Automobile and Auto Components,11400.0,42.6,SELL,AVOID,INVESTABLE
2026-09-23,BAJFINANCE,Large Cap,Financial Services,1043.2,49.3,HOLD,AVOID,INVESTABLE
2026-09-23,BAJAJFINSV,Large Cap,Financial Services,1846.5,35.1,SELL,AVOID,AVOID
2026-09-23,BEL,Large Cap,Capital Goods,396.05,44.7,SELL,AVOID,AVOID
2026-09-23,BHARTIARTL,Large Cap,Telecommunication,1833.2,44.8,SELL,AVOID,AVOID
2026-09-23,CIPLA,Large Cap,Healthcare,1383.0,45.4,SELL,AVOID,INVESTABLE
2026-09-23,COALINDIA,Large Cap,Oil Gas & Consumable Fuels,424.55,57.4,BUY,BUY,AVOID
2026-09-23,DRREDDY,Large Cap,Healthcare,1211.2,62.4,BUY,BUY,AVOID
2026-09-23,EICHERMOT,Large Cap,Automobile and Auto Components,7470.0,35.7,SELL,AVOID,INVESTABLE
2026-09-23,ETERNAL,Large Cap,Consumer Services,342.65,72.1,SELL,BUY,INVESTABLE
2026-09-23,GRASIM,Large Cap,Construction Materials,3188.5,43.0,SELL,AVOID,INVESTABLE
2026-09-23,HCLTECH,Large Cap,Information Technology,1256.7,46.3,SELL,AVOID,AVOID
2026-09-23,HDFCBANK,Large Cap,Financial Services,737.25,58.2,BUY,BUY,AVOID
2026-09-23,HDFCLIFE,Large Cap,Financial Services,561.5,59.2,BUY,BUY,AVOID
2026-09-23,HINDALCO,Large Cap,Metals & Mining,1003.8,50.4,SELL,BUY,INVESTABLE
2026-09-23,HINDUNILVR,Large Cap,Fast Moving Consumer Goods,1950.0,43.0,SELL,AVOID,AVOID
2026-09-23,ICICIBANK,Large Cap,Financial Services,1340.0,32.1,BUY,AVOID,AVOID
2026-09-23,ITC,Large Cap,Fast Moving Consumer Goods,270.15,54.5,BUY,AVOID,AVOID
2026-09-23,INFY,Large Cap,Information Technology,1020.5,33.5,SELL,AVOID,AVOID
2026-09-23,INDIGO,Large Cap,Services,5028.5,50.5,BUY,AVOID,INVESTABLE
2026-09-23,JSWSTEEL,Large Cap,Metals & Mining,1297.8,53.4,BUY,BUY,INVESTABLE
2026-09-23,JIOFIN,Large Cap,Financial Services,232.15,44.4,SELL,AVOID,AVOID
2026-09-23,KOTAKBANK,Large Cap,Financial Services,413.25,51.8,SELL,BUY,INVESTABLE
2026-09-23,LT,Large Cap,Construction,3929.9,47.7,SELL,AVOID,AVOID
2026-09-23,M&M,Large Cap,Automobile and Auto Components,3035.0,29.4,BUY,AVOID,AVOID
2026-09-23,MARUTI,Large Cap,Automobile and Auto Components,12230.0,31.1,BUY,AVOID,AVOID
2026-09-23,MAXHEALTH,Large Cap,Healthcare,1059.9,59.3,BUY,BUY,INVESTABLE
2026-09-23,NTPC,Large Cap,Power,326.0,41.4,SELL,AVOID,AVOID
2026-09-23,NESTLEIND,Large Cap,Fast Moving Consumer Goods,1387.2,40.9,SELL,AVOID,INVESTABLE
2026-09-23,ONGC,Large Cap,Oil Gas & Consumable Fuels,236.9,52.8,BUY,AVOID,AVOID
2026-09-23,POWERGRID,Large Cap,Power,270.2,52.6,BUY,AVOID,AVOID
2026-09-23,RELIANCE,Large Cap,Oil Gas & Consumable Fuels,1248.0,41.5,SELL,AVOID,AVOID
2026-09-23,SBILIFE,Large Cap,Financial Services,1760.0,52.5,BUY,AVOID,AVOID
2026-09-23,SHRIRAMFIN,Large Cap,Financial Services,1010.8,40.7,SELL,AVOID,INVESTABLE
2026-09-23,SBIN,Large Cap,Financial Services,994.1,42.3,SELL,AVOID,AVOID
2026-09-23,360ONE,Mid Cap,Financial Services,1108.0,47.5,SELL,AVOID,INVESTABLE
2026-09-23,3MINDIA,Mid Cap,Diversified,34615.0,59.0,BUY,BUY,INVESTABLE
2026-09-23,ACC,Mid Cap,Construction Materials,1251.4,40.9,SELL,AVOID,AVOID
2026-09-23,AIAENG,Mid Cap,Capital Goods,3970.0,36.8,SELL,AVOID,AVOID
2026-09-23,APLAPOLLO,Mid Cap,Capital Goods,2195.0,55.9,BUY,BUY,INVESTABLE
2026-09-23,AUBANK,Mid Cap,Financial Services,1053.0,47.8,SELL,AVOID,INVESTABLE
2026-09-23,AWL,Mid Cap,Fast Moving Consumer Goods,186.18,46.2,SELL,AVOID,AVOID
2026-09-23,ABBOTINDIA,Mid Cap,Healthcare,26935.0,57.6,BUY,BUY,INVESTABLE
2026-09-23,ATGL,Mid Cap,Oil Gas & Consumable Fuels,625.25,50.1,BUY,AVOID,INVESTABLE
2026-09-23,ABCAPITAL,Mid Cap,Financial Services,402.45,51.8,BUY,AVOID,INVESTABLE
2026-09-23,AJANTPHARM,Mid Cap,Healthcare,3568.1,54.7,BUY,BUY,INVESTABLE
2026-09-23,ALKEM,Mid Cap,Healthcare,5417.5,57.0,BUY,AVOID,AVOID
2026-09-23,ANTHEM,Mid Cap,Healthcare,881.9,42.6,SELL,BUY,INVESTABLE
2026-09-23,APARINDS,Mid Cap,Capital Goods,17876.0,55.1,BUY,BUY,INVESTABLE
2026-09-23,APOLLOTYRE,Mid Cap,Automobile and Auto Components,405.7,35.9,SELL,AVOID,AVOID
2026-09-23,ASHOKLEY,Mid Cap,Capital Goods,162.89,44.8,SELL,AVOID,AVOID
2026-09-23,ASTRAL,Mid Cap,Capital Goods,1394.8,38.4,SELL,AVOID,AVOID
2026-09-23,AUROPHARMA,Mid Cap,Healthcare,1721.5,59.8,BUY,BUY,INVESTABLE
2026-09-23,AIIL,Mid Cap,Financial Services,561.45,57.4,BUY,BUY,INVESTABLE
2026-09-23,BSE,Mid Cap,Financial Services,3270.7,45.8,SELL,AVOID,AVOID
2026-09-23,BAJAJHFL,Mid Cap,Financial Services,83.52,47.1,SELL,AVOID,AVOID
2026-09-23,BALKRISIND,Mid Cap,Automobile and Auto Components,2199.6,43.8,SELL,AVOID,AVOID
2026-09-23,BANKINDIA,Mid Cap,Financial Services,139.65,46.8,SELL,AVOID,AVOID
2026-09-23,MAHABANK,Mid Cap,Financial Services,84.11,54.9,BUY,BUY,INVESTABLE
2026-09-23,BERGEPAINT,Mid Cap,Consumer Durables,459.75,37.2,SELL,AVOID,AVOID
2026-09-23,BDL,Mid Cap,Capital Goods,1161.0,35.4,SELL,AVOID,AVOID
2026-09-23,BHARATFORG,Mid Cap,Automobile and Auto Components,2004.0,50.7,BUY,AVOID,INVESTABLE
2026-09-23,BHEL,Mid Cap,Capital Goods,423.1,49.3,SELL,BUY,INVESTABLE
2026-09-23,BHARTIHEXA,Mid Cap,Telecommunication,1525.2,47.8,SELL,AVOID,AVOID
2026-09-23,GROWW,Mid Cap,Financial Services,188.63,42.0,SELL,AVOID,INVESTABLE
2026-09-23,BIOCON,Mid Cap,Healthcare,395.0,47.2,HOLD,AVOID,AVOID
2026-09-23,BLUESTARCO,Mid Cap,Consumer Durables,1532.6,51.2,BUY,AVOID,AVOID
2026-09-23,CRISIL,Mid Cap,Financial Services,4605.8,50.0,SELL,BUY,INVESTABLE
2026-09-23,COCHINSHIP,Mid Cap,Capital Goods,1370.0,40.5,SELL,AVOID,AVOID
2026-09-23,COFORGE,Mid Cap,Information Technology,1782.4,43.3,SELL,AVOID,INVESTABLE
2026-09-23,COLPAL,Mid Cap,Fast Moving Consumer Goods,1886.7,51.4,BUY,AVOID,AVOID
2026-09-23,CONCOR,Mid Cap,Services,464.65,34.0,SELL,AVOID,AVOID
2026-09-23,COROMANDEL,Mid Cap,Chemicals,1956.0,48.5,HOLD,AVOID,AVOID
2026-09-23,DABUR,Mid Cap,Fast Moving Consumer Goods,387.4,48.2,HOLD,AVOID,AVOID
2026-09-23,DALBHARAT,Mid Cap,Construction Materials,1744.0,45.7,SELL,AVOID,AVOID
2026-09-23,ACMESOLAR,Small Cap,Power,452.3,69.6,HOLD,BUY,INVESTABLE
2026-09-23,AADHARHFC,Small Cap,Financial Services,454.55,39.7,SELL,AVOID,AVOID
2026-09-23,AARTIIND,Small Cap,Chemicals,491.35,46.4,SELL,AVOID,INVESTABLE
2026-09-23,AAVAS,Small Cap,Financial Services,1285.8,43.6,HOLD,AVOID,AVOID
2026-09-23,ACE,Small Cap,Capital Goods,1253.9,73.3,SELL,BUY,INVESTABLE
2026-09-23,ACUTAAS,Small Cap,Healthcare,3265.2,48.8,SELL,AVOID,INVESTABLE
2026-09-23,ABFRL,Small Cap,Consumer Services,49.09,32.7,BUY,AVOID,AVOID
2026-09-23,ABLBL,Small Cap,Consumer Services,79.81,26.0,BUY,AVOID,AVOID
2026-09-23,ABREL,Small Cap,Realty,1206.4,28.4,BUY,AVOID,AVOID
2026-09-23,ABSLAMC,Small Cap,Financial Services,1026.6,45.5,SELL,AVOID,INVESTABLE
2026-09-23,CPPLUS,Small Cap,Capital Goods,3831.9,58.3,BUY,BUY,INVESTABLE
2026-09-23,AEGISLOG,Small Cap,Oil Gas & Consumable Fuels,1404.5,56.3,BUY,BUY,INVESTABLE
2026-09-23,AEGISVOPAK,Small Cap,Oil Gas & Consumable Fuels,302.8,57.5,BUY,BUY,INVESTABLE
2026-09-23,AFCONS,Small Cap,Construction,258.3,39.4,SELL,AVOID,AVOID
2026-09-23,AFFLE,Small Cap,Information Technology,1584.3,48.3,SELL,AVOID,INVESTABLE
2026-09-23,ABDL,Small Cap,Fast Moving Consumer Goods,656.4,62.7,BUY,BUY,INVESTABLE
2026-09-23,ARE&M,Small Cap,Automobile and Auto Components,812.85,36.3,SELL,AVOID,AVOID
2026-09-23,AMBER,Small Cap,Consumer Durables,7064.5,41.5,SELL,AVOID,AVOID
2026-09-23,ANANDRATHI,Small Cap,Financial Services,2169.2,46.6,SELL,BUY,INVESTABLE
2026-09-23,ANANTRAJ,Small Cap,Realty,631.8,59.4,BUY,BUY,INVESTABLE
2026-09-23,ANGELONE,Small Cap,Financial Services,300.0,52.5,BUY,BUY,INVESTABLE
2026-09-23,ANURAS,Small Cap,Chemicals,1193.4,43.9,SELL,AVOID,AVOID
2026-09-23,APTUS,Small Cap,Financial Services,251.33,49.4,HOLD,AVOID,AVOID
2026-09-23,ASAHIINDIA,Small Cap,Automobile and Auto Components,971.3,58.5,BUY,BUY,INVESTABLE
2026-09-23,ASTERDM,Small Cap,Healthcare,760.05,44.4,SELL,AVOID,INVESTABLE
2026-09-23,ATHERENERG,Small Cap,Automobile and Auto Components,1499.4,44.8,SELL,BUY,INVESTABLE
2026-09-23,ATUL,Small Cap,Chemicals,6118.0,38.6,SELL,AVOID,AVOID
2026-09-23,BEML,Small Cap,Capital Goods,2095.4,61.1,BUY,BUY,INVESTABLE
2026-09-23,BLS,Small Cap,Consumer Services,230.07,40.6,SELL,AVOID,AVOID
2026-09-23,BALRAMCHIN,Small Cap,Fast Moving Consumer Goods,676.4,50.7,SELL,BUY,INVESTABLE
2026-09-23,BANDHANBNK,Small Cap,Financial Services,191.38,72.3,SELL,BUY,INVESTABLE
2026-09-23,BATAINDIA,Small Cap,Consumer Durables,637.2,34.8,SELL,AVOID,AVOID
2026-09-23,BAYERCROP,Small Cap,Chemicals,3762.6,20.8,BUY,AVOID,AVOID
2026-09-23,BELRISE,Small Cap,Automobile and Auto Components,249.78,69.4,HOLD,BUY,INVESTABLE
2026-09-23,BIKAJI,Small Cap,Fast Moving Consumer Goods,591.1,53.3,BUY,AVOID,AVOID
2026-09-23,BSOFT,Small Cap,Information Technology,281.1,42.2,SELL,AVOID,AVOID
2026-09-23,BLUEDART,Small Cap,Services,4799.5,35.0,SELL,AVOID,AVOID
2026-09-23,BLUEJET,Small Cap,Healthcare,585.75,55.2,BUY,BUY,INVESTABLE
2026-09-23,BBTC,Small Cap,Fast Moving Consumer Goods,1450.2,47.4,SELL,AVOID,AVOID
2026-09-23,FIRSTCRY,Small Cap,Consumer Services,180.41,48.6,HOLD,AVOID,AVOID
2026-09-24,ADANIENT,Large Cap,Metals & Mining,2900.0,41.9,SELL,AVOID,INVESTABLE
2026-09-24,ADANIPORTS,Large Cap,Services,1785.3,56.5,BUY,BUY,INVESTABLE
2026-09-24,APOLLOHOSP,Large Cap,Healthcare,8888.5,52.3,BUY,BUY,INVESTABLE
2026-09-24,ASIANPAINT,Large Cap,Consumer Durables,2392.7,29.1,BUY,AVOID,AVOID
2026-09-24,AXISBANK,Large Cap,Financial Services,1186.5,33.3,SELL,AVOID,AVOID
2026-09-24,BAJAJ-AUTO,Large Cap,Automobile and Auto Components,11208.0,37.3,SELL,AVOID,INVESTABLE
2026-09-24,BAJFINANCE,Large Cap,Financial Services,982.0,36.1,SELL,AVOID,INVESTABLE
2026-09-24,BAJAJFINSV,Large Cap,Financial Services,1762.3,25.9,BUY,AVOID,AVOID
2026-09-24,BEL,Large Cap,Capital Goods,392.0,41.5,SELL,AVOID,AVOID
2026-09-24,BHARTIARTL,Large Cap,Telecommunication,1795.8,39.5,SELL,AVOID,AVOID
2026-09-24,CIPLA,Large Cap,Healthcare,1399.0,51.3,BUY,AVOID,INVESTABLE
2026-09-24,COALINDIA,Large Cap,Oil Gas & Consumable Fuels,422.0,55.0,BUY,BUY,AVOID
2026-09-24,DRREDDY,Large Cap,Healthcare,1200.4,57.9,BUY,BUY,AVOID
2026-09-24,EICHERMOT,Large Cap,Automobile and Auto Components,7338.5,29.9,BUY,AVOID,AVOID
2026-09-24,ETERNAL,Large Cap,Consumer Services,335.5,61.7,BUY,BUY,INVESTABLE
2026-09-24,GRASIM,Large Cap,Construction Materials,3166.5,42.4,SELL,AVOID,INVESTABLE
2026-09-24,HCLTECH,Large Cap,Information Technology,1243.6,43.7,SELL,AVOID,AVOID
2026-09-24,HDFCBANK,Large Cap,Financial Services,728.9,53.1,BUY,AVOID,AVOID
2026-09-24,HDFCLIFE,Large Cap,Financial Services,526.9,43.7,SELL,AVOID,AVOID
2026-09-24,HINDALCO,Large Cap,Metals & Mining,982.0,44.9,SELL,AVOID,INVESTABLE
2026-09-24,HINDUNILVR,Large Cap,Fast Moving Consumer Goods,1933.5,39.9,SELL,AVOID,AVOID
2026-09-24,ICICIBANK,Large Cap,Financial Services,1334.5,30.8,BUY,AVOID,AVOID
2026-09-24,ITC,Large Cap,Fast Moving Consumer Goods,268.0,51.4,BUY,AVOID,AVOID
2026-09-24,INFY,Large Cap,Information Technology,1014.5,32.4,BUY,AVOID,AVOID
2026-09-24,INDIGO,Large Cap,Services,4890.0,42.1,SELL,AVOID,INVESTABLE
2026-09-24,JSWSTEEL,Large Cap,Metals & Mining,1273.2,47.6,SELL,AVOID,INVESTABLE
2026-09-24,JIOFIN,Large Cap,Financial Services,227.2,37.0,SELL,AVOID,AVOID
2026-09-24,KOTAKBANK,Large Cap,Financial Services,405.0,43.4,SELL,BUY,INVESTABLE
2026-09-24,LT,Large Cap,Construction,3858.4,41.7,SELL,AVOID,AVOID
2026-09-24,M&M,Large Cap,Automobile and Auto Components,2982.7,25.2,BUY,AVOID,AVOID
2026-09-24,MARUTI,Large Cap,Automobile and Auto Components,11990.0,26.5,BUY,AVOID,AVOID
2026-09-24,MAXHEALTH,Large Cap,Healthcare,1046.0,53.8,BUY,BUY,INVESTABLE
2026-09-24,NTPC,Large Cap,Power,326.6,42.5,SELL,AVOID,AVOID
2026-09-24,NESTLEIND,Large Cap,Fast Moving Consumer Goods,1351.0,36.0,SELL,AVOID,AVOID
2026-09-24,ONGC,Large Cap,Oil Gas & Consumable Fuels,239.0,56.8,BUY,BUY,AVOID
2026-09-24,POWERGRID,Large Cap,Power,266.4,47.3,SELL,AVOID,AVOID
2026-09-24,RELIANCE,Large Cap,Oil Gas & Consumable Fuels,1219.2,34.8,SELL,AVOID,AVOID
2026-09-24,SBILIFE,Large Cap,Financial Services,1755.0,51.6,BUY,AVOID,AVOID
2026-09-24,SHRIRAMFIN,Large Cap,Financial Services,990.0,35.9,SELL,AVOID,AVOID
2026-09-24,SBIN,Large Cap,Financial Services,978.5,37.4,SELL,AVOID,AVOID
2026-09-24,360ONE,Mid Cap,Financial Services,1080.8,41.8,SELL,AVOID,AVOID
2026-09-24,3MINDIA,Mid Cap,Diversified,34590.0,57.9,BUY,BUY,INVESTABLE
2026-09-24,ACC,Mid Cap,Construction Materials,1236.1,38.6,SELL,AVOID,AVOID
2026-09-24,AIAENG,Mid Cap,Capital Goods,3953.4,36.7,SELL,AVOID,AVOID
2026-09-24,APLAPOLLO,Mid Cap,Capital Goods,2184.8,54.6,SELL,BUY,INVESTABLE
2026-09-24,AUBANK,Mid Cap,Financial Services,1000.1,35.8,SELL,AVOID,AVOID
2026-09-24,AWL,Mid Cap,Fast Moving Consumer Goods,184.69,44.1,SELL,AVOID,AVOID
2026-09-24,ABBOTINDIA,Mid Cap,Healthcare,26860.0,55.3,BUY,AVOID,INVESTABLE
2026-09-24,ATGL,Mid Cap,Oil Gas & Consumable Fuels,612.4,46.0,HOLD,AVOID,AVOID
2026-09-24,ABCAPITAL,Mid Cap,Financial Services,390.1,44.9,SELL,AVOID,INVESTABLE
2026-09-24,AJANTPHARM,Mid Cap,Healthcare,3539.5,51.2,BUY,BUY,INVESTABLE
2026-09-24,ALKEM,Mid Cap,Healthcare,5326.0,50.6,BUY,AVOID,AVOID
2026-09-24,ANTHEM,Mid Cap,Healthcare,885.6,43.8,SELL,BUY,INVESTABLE
2026-09-24,APARINDS,Mid Cap,Capital Goods,17804.0,54.2,BUY,BUY,INVESTABLE
2026-09-24,APOLLOTYRE,Mid Cap,Automobile and Auto Components,397.95,31.5,BUY,AVOID,AVOID
2026-09-24,ASHOKLEY,Mid Cap,Capital Goods,157.3,37.1,SELL,AVOID,AVOID
2026-09-24,ASTRAL,Mid Cap,Capital Goods,1392.0,38.0,SELL,AVOID,AVOID
2026-09-24,AUROPHARMA,Mid Cap,Healthcare,1716.0,58.6,BUY,BUY,INVESTABLE
2026-09-24,AIIL,Mid Cap,Financial Services,551.6,53.1,BUY,BUY,INVESTABLE
2026-09-24,BSE,Mid Cap,Financial Services,3183.8,41.0,SELL,AVOID,AVOID
2026-09-24,BAJAJHFL,Mid Cap,Financial Services,82.96,44.5,SELL,AVOID,AVOID
2026-09-24,BALKRISIND,Mid Cap,Automobile and Auto Components,2167.8,40.5,SELL,AVOID,AVOID
2026-09-24,BANKINDIA,Mid Cap,Financial Services,137.76,42.1,SELL,AVOID,AVOID
2026-09-24,MAHABANK,Mid Cap,Financial Services,82.38,49.2,SELL,BUY,INVESTABLE
2026-09-24,BERGEPAINT,Mid Cap,Consumer Durables,449.4,33.0,BUY,AVOID,AVOID
2026-09-24,BDL,Mid Cap,Capital Goods,1155.0,34.5,SELL,AVOID,AVOID
2026-09-24,BHARATFORG,Mid Cap,Automobile and Auto Components,1998.9,49.9,HOLD,AVOID,INVESTABLE
2026-09-24,BHEL,Mid Cap,Capital Goods,415.35,45.3,SELL,AVOID,INVESTABLE
2026-09-24,BHARTIHEXA,Mid Cap,Telecommunication,1507.2,44.7,SELL,AVOID,AVOID
2026-09-24,GROWW,Mid Cap,Financial Services,186.55,39.4,SELL,AVOID,INVESTABLE
2026-09-24,BIOCON,Mid Cap,Healthcare,387.0,41.6,SELL,AVOID,AVOID
2026-09-24,BLUESTARCO,Mid Cap,Consumer Durables,1525.0,50.1,BUY,AVOID,AVOID
2026-09-24,CRISIL,Mid Cap,Financial Services,4503.5,42.9,SELL,AVOID,INVESTABLE
2026-09-24,COCHINSHIP,Mid Cap,Capital Goods,1370.0,40.5,SELL,AVOID,AVOID
2026-09-24,COFORGE,Mid Cap,Information Technology,1785.9,43.8,SELL,AVOID,INVESTABLE
2026-09-24,COLPAL,Mid Cap,Fast Moving Consumer Goods,1854.8,46.5,HOLD,AVOID,AVOID
2026-09-24,CONCOR,Mid Cap,Services,466.3,35.0,SELL,AVOID,AVOID
2026-09-24,COROMANDEL,Mid Cap,Chemicals,1942.5,46.3,HOLD,AVOID,AVOID
2026-09-24,DABUR,Mid Cap,Fast Moving Consumer Goods,385.7,46.5,HOLD,AVOID,AVOID
2026-09-24,DALBHARAT,Mid Cap,Construction Materials,1721.2,42.2,SELL,AVOID,AVOID
2026-09-24,ACMESOLAR,Small Cap,Power,446.65,65.6,HOLD,BUY,INVESTABLE
2026-09-24,AADHARHFC,Small Cap,Financial Services,446.7,36.1,SELL,AVOID,AVOID
2026-09-24,AARTIIND,Small Cap,Chemicals,489.45,45.4,SELL,AVOID,INVESTABLE
2026-09-24,AAVAS,Small Cap,Financial Services,1256.4,37.6,SELL,AVOID,AVOID
2026-09-24,ACE,Small Cap,Capital Goods,1241.0,69.2,HOLD,BUY,INVESTABLE
2026-09-24,ACUTAAS,Small Cap,Healthcare,3283.7,49.8,HOLD,AVOID,INVESTABLE
2026-09-24,ABFRL,Small Cap,Consumer Services,48.06,29.2,BUY,AVOID,AVOID
2026-09-24,ABLBL,Small Cap,Consumer Services,78.59,23.0,BUY,AVOID,AVOID
2026-09-24,ABREL,Small Cap,Realty,1211.8,30.7,BUY,AVOID,AVOID
2026-09-24,ABSLAMC,Small Cap,Financial Services,1024.2,45.1,SELL,AVOID,INVESTABLE
2026-09-24,CPPLUS,Small Cap,Capital Goods,3800.1,57.2,BUY,BUY,INVESTABLE
2026-09-24,AEGISLOG,Small Cap,Oil Gas & Consumable Fuels,1369.7,52.5,BUY,BUY,INVESTABLE
2026-09-24,AEGISVOPAK,Small Cap,Oil Gas & Consumable Fuels,289.1,48.4,SELL,BUY,INVESTABLE
2026-09-24,AFCONS,Small Cap,Construction,253.75,36.6,SELL,AVOID,AVOID
2026-09-24,AFFLE,Small Cap,Information Technology,1588.1,48.9,HOLD,AVOID,INVESTABLE
2026-09-24,ABDL,Small Cap,Fast Moving Consumer Goods,712.15,75.2,SELL,BUY,INVESTABLE
2026-09-24,ARE&M,Small Cap,Automobile and Auto Components,795.4,31.4,BUY,AVOID,AVOID
2026-09-24,AMBER,Small Cap,Consumer Durables,6911.0,36.2,SELL,AVOID,AVOID
2026-09-24,ANANDRATHI,Small Cap,Financial Services,2167.4,46.2,SELL,BUY,INVESTABLE
2026-09-24,ANANTRAJ,Small Cap,Realty,624.1,56.1,BUY,BUY,INVESTABLE
2026-09-24,ANGELONE,Small Cap,Financial Services,290.7,44.6,SELL,AVOID,INVESTABLE
2026-09-24,ANURAS,Small Cap,Chemicals,1177.2,40.1,SELL,AVOID,AVOID
2026-09-24,APTUS,Small Cap,Financial Services,240.92,40.2,SELL,AVOID,AVOID
2026-09-24,ASAHIINDIA,Small Cap,Automobile and Auto Components,965.4,55.7,BUY,BUY,INVESTABLE
2026-09-24,ASTERDM,Small Cap,Healthcare,768.65,49.2,HOLD,AVOID,INVESTABLE
2026-09-24,ATHERENERG,Small Cap,Automobile and Auto Components,1499.0,44.8,SELL,BUY,INVESTABLE
2026-09-24,ATUL,Small Cap,Chemicals,6135.5,39.8,SELL,AVOID,AVOID
2026-09-24,BEML,Small Cap,Capital Goods,2044.4,54.8,BUY,BUY,INVESTABLE
2026-09-24,BLS,Small Cap,Consumer Services,223.9,34.9,SELL,AVOID,AVOID
2026-09-24,BALRAMCHIN,Small Cap,Fast Moving Consumer Goods,659.4,46.4,SELL,BUY,INVESTABLE
2026-09-24,BANDHANBNK,Small Cap,Financial Services,182.9,58.6,BUY,BUY,AVOID
2026-09-24,BATAINDIA,Small Cap,Consumer Durables,627.0,30.5,BUY,AVOID,AVOID
2026-09-24,BAYERCROP,Small Cap,Chemicals,3736.3,19.2,BUY,AVOID,AVOID
2026-09-24,BELRISE,Small Cap,Automobile and Auto Components,243.63,59.7,BUY,BUY,INVESTABLE
2026-09-24,BIKAJI,Small Cap,Fast Moving Consumer Goods,575.2,47.8,HOLD,AVOID,AVOID
2026-09-24,BSOFT,Small Cap,Information Technology,277.7,39.4,SELL,AVOID,AVOID
2026-09-24,BLUEDART,Small Cap,Services,4793.0,35.4,SELL,AVOID,AVOID
2026-09-24,BLUEJET,Small Cap,Healthcare,573.45,48.1,SELL,AVOID,INVESTABLE
2026-09-24,BBTC,Small Cap,Fast Moving Consumer Goods,1437.4,45.6,SELL,AVOID,AVOID
2026-09-24,FIRSTCRY,Small Cap,Consumer Services,179.63,47.5,HOLD,AVOID,AVOID
2026-09-25,ADANIENT,Large Cap,Metals & Mining,2916.5,43.6,SELL,AVOID,INVESTABLE
2026-09-25,ADANIPORTS,Large Cap,Services,1788.0,56.9,BUY,BUY,INVESTABLE
2026-09-25,APOLLOHOSP,Large Cap,Healthcare,8889.0,52.3,BUY,BUY,INVESTABLE
2026-09-25,ASIANPAINT,Large Cap,Consumer Durables,2444.0,39.6,SELL,AVOID,AVOID
2026-09-25,AXISBANK,Large Cap,Financial Services,1222.4,44.7,SELL,AVOID,AVOID
2026-09-25,BAJAJ-AUTO,Large Cap,Automobile and Auto Components,11281.0,40.3,SELL,AVOID,INVESTABLE
2026-09-25,BAJFINANCE,Large Cap,Financial Services,996.9,40.3,SELL,AVOID,INVESTABLE
2026-09-25,BAJAJFINSV,Large Cap,Financial Services,1771.0,28.0,BUY,AVOID,AVOID
2026-09-25,BEL,Large Cap,Capital Goods,393.55,43.2,SELL,AVOID,AVOID
2026-09-25,BHARTIARTL,Large Cap,Telecommunication,1785.4,38.1,SELL,AVOID,AVOID
2026-09-25,CIPLA,Large Cap,Healthcare,1399.7,51.5,BUY,AVOID,INVESTABLE
2026-09-25,COALINDIA,Large Cap,Oil Gas & Consumable Fuels,426.1,58.0,BUY,BUY,AVOID
2026-09-25,DRREDDY,Large Cap,Healthcare,1201.0,58.1,BUY,BUY,AVOID
2026-09-25,EICHERMOT,Large Cap,Automobile and Auto Components,7360.0,31.9,BUY,AVOID,INVESTABLE
2026-09-25,ETERNAL,Large Cap,Consumer Services,335.0,61.1,BUY,BUY,INVESTABLE
2026-09-25,GRASIM,Large Cap,Construction Materials,3191.0,45.6,SELL,AVOID,INVESTABLE
2026-09-25,HCLTECH,Large Cap,Information Technology,1258.0,47.3,SELL,AVOID,AVOID
2026-09-25,HDFCBANK,Large Cap,Financial Services,735.6,56.4,BUY,BUY,AVOID
2026-09-25,HDFCLIFE,Large Cap,Financial Services,531.0,45.5,SELL,AVOID,AVOID
2026-09-25,HINDALCO,Large Cap,Metals & Mining,977.0,43.6,SELL,AVOID,INVESTABLE
2026-09-25,HINDUNILVR,Large Cap,Fast Moving Consumer Goods,1942.9,42.5,SELL,AVOID,AVOID
2026-09-25,ICICIBANK,Large Cap,Financial Services,1326.8,29.0,BUY,AVOID,AVOID
2026-09-25,ITC,Large Cap,Fast Moving Consumer Goods,269.0,52.8,BUY,AVOID,AVOID
2026-09-25,INFY,Large Cap,Information Technology,1000.2,29.9,BUY,AVOID,AVOID
2026-09-25,INDIGO,Large Cap,Services,4940.0,45.6,SELL,AVOID,INVESTABLE
2026-09-25,JSWSTEEL,Large Cap,Metals & Mining,1277.0,48.6,SELL,AVOID,INVESTABLE
2026-09-25,JIOFIN,Large Cap,Financial Services,227.0,36.8,SELL,AVOID,AVOID
2026-09-25,KOTAKBANK,Large Cap,Financial Services,404.0,42.5,SELL,BUY,INVESTABLE
2026-09-25,LT,Large Cap,Construction,3876.2,43.9,SELL,AVOID,AVOID
2026-09-25,M&M,Large Cap,Automobile and Auto Components,3035.0,35.1,SELL,AVOID,AVOID
2026-09-25,MARUTI,Large Cap,Automobile and Auto Components,12065.0,30.0,BUY,AVOID,AVOID
2026-09-25,MAXHEALTH,Large Cap,Healthcare,1014.0,43.8,SELL,AVOID,AVOID
2026-09-25,NTPC,Large Cap,Power,326.6,42.5,SELL,AVOID,AVOID
2026-09-25,NESTLEIND,Large Cap,Fast Moving Consumer Goods,1362.6,39.5,SELL,AVOID,INVESTABLE
2026-09-25,ONGC,Large Cap,Oil Gas & Consumable Fuels,235.86,50.0,HOLD,AVOID,AVOID
2026-09-25,POWERGRID,Large Cap,Power,269.5,52.0,BUY,AVOID,AVOID
2026-09-25,RELIANCE,Large Cap,Oil Gas & Consumable Fuels,1226.0,37.4,SELL,AVOID,AVOID
2026-09-25,SBILIFE,Large Cap,Financial Services,1742.0,49.1,HOLD,AVOID,AVOID
2026-09-25,SHRIRAMFIN,Large Cap,Financial Services,994.1,37.5,SELL,AVOID,AVOID
2026-09-25,SBIN,Large Cap,Financial Services,983.0,39.6,SELL,AVOID,AVOID
2026-09-25,360ONE,Mid Cap,Financial Services,1073.0,40.2,SELL,AVOID,AVOID
2026-09-25,3MINDIA,Mid Cap,Diversified,33925.0,51.6,BUY,AVOID,INVESTABLE
2026-09-25,ACC,Mid Cap,Construction Materials,1236.4,38.8,SELL,AVOID,AVOID
2026-09-25,AIAENG,Mid Cap,Capital Goods,3919.4,35.1,SELL,AVOID,AVOID
2026-09-25,APLAPOLLO,Mid Cap,Capital Goods,2214.7,57.7,BUY,BUY,INVESTABLE
2026-09-25,AUBANK,Mid Cap,Financial Services,1018.0,41.3,SELL,AVOID,INVESTABLE
2026-09-25,AWL,Mid Cap,Fast Moving Consumer Goods,184.34,43.5,SELL,AVOID,AVOID
2026-09-25,ABBOTINDIA,Mid Cap,Healthcare,26955.0,56.5,BUY,BUY,INVESTABLE
2026-09-25,ATGL,Mid Cap,Oil Gas & Consumable Fuels,611.65,45.7,HOLD,AVOID,AVOID
2026-09-25,ABCAPITAL,Mid Cap,Financial Services,390.0,44.8,SELL,AVOID,INVESTABLE
2026-09-25,AJANTPHARM,Mid Cap,Healthcare,3547.8,52.1,BUY,BUY,INVESTABLE
2026-09-25,ALKEM,Mid Cap,Healthcare,5274.0,47.5,HOLD,AVOID,AVOID
2026-09-25,ANTHEM,Mid Cap,Healthcare,873.6,40.7,SELL,AVOID,INVESTABLE
2026-09-25,APARINDS,Mid Cap,Capital Goods,17776.0,53.9,BUY,BUY,INVESTABLE
2026-09-25,APOLLOTYRE,Mid Cap,Automobile and Auto Components,400.1,33.9,SELL,AVOID,AVOID
2026-09-25,ASHOKLEY,Mid Cap,Capital Goods,159.08,40.6,SELL,AVOID,AVOID
2026-09-25,ASTRAL,Mid Cap,Capital Goods,1399.0,40.0,SELL,AVOID,AVOID
2026-09-25,AUROPHARMA,Mid Cap,Healthcare,1712.0,57.7,BUY,BUY,INVESTABLE
2026-09-25,AIIL,Mid Cap,Financial Services,559.6,55.5,BUY,BUY,INVESTABLE
2026-09-25,BSE,Mid Cap,Financial Services,3191.5,41.6,SELL,AVOID,AVOID
2026-09-25,BAJAJHFL,Mid Cap,Financial Services,83.14,45.5,SELL,AVOID,AVOID
2026-09-25,BALKRISIND,Mid Cap,Automobile and Auto Components,2185.3,43.0,SELL,AVOID,AVOID
2026-09-25,BANKINDIA,Mid Cap,Financial Services,137.94,42.7,SELL,AVOID,AVOID
2026-09-25,MAHABANK,Mid Cap,Financial Services,84.88,56.2,BUY,BUY,INVESTABLE
2026-09-25,BERGEPAINT,Mid Cap,Consumer Durables,458.35,39.9,SELL,AVOID,AVOID
2026-09-25,BDL,Mid Cap,Capital Goods,1140.0,32.2,BUY,AVOID,AVOID
2026-09-25,BHARATFORG,Mid Cap,Automobile and Auto Components,2008.0,51.3,BUY,AVOID,INVESTABLE
2026-09-25,BHEL,Mid Cap,Capital Goods,418.95,47.4,SELL,AVOID,INVESTABLE
2026-09-25,BHARTIHEXA,Mid Cap,Telecommunication,1481.8,40.6,SELL,AVOID,AVOID
2026-09-25,GROWW,Mid Cap,Financial Services,187.06,40.4,SELL,AVOID,INVESTABLE
2026-09-25,BIOCON,Mid Cap,Healthcare,382.15,38.7,SELL,AVOID,AVOID
2026-09-25,BLUESTARCO,Mid Cap,Consumer Durables,1565.0,55.5,BUY,BUY,AVOID
2026-09-25,CRISIL,Mid Cap,Financial Services,4520.0,44.3,SELL,AVOID,INVESTABLE
2026-09-25,COCHINSHIP,Mid Cap,Capital Goods,1377.0,41.9,SELL,AVOID,AVOID
2026-09-25,COFORGE,Mid Cap,Information Technology,1784.0,43.6,SELL,AVOID,INVESTABLE
2026-09-25,COLPAL,Mid Cap,Fast Moving Consumer Goods,1855.8,46.7,HOLD,AVOID,AVOID
2026-09-25,CONCOR,Mid Cap,Services,461.5,33.3,SELL,AVOID,AVOID
2026-09-25,COROMANDEL,Mid Cap,Chemicals,1963.9,50.4,BUY,AVOID,AVOID
2026-09-25,DABUR,Mid Cap,Fast Moving Consumer Goods,385.6,46.4,HOLD,AVOID,AVOID
2026-09-25,DALBHARAT,Mid Cap,Construction Materials,1700.2,39.1,SELL,AVOID,AVOID
2026-09-25,ACMESOLAR,Small Cap,Power,442.9,63.3,BUY,BUY,INVESTABLE
2026-09-25,AADHARHFC,Small Cap,Financial Services,444.5,35.1,SELL,AVOID,AVOID
2026-09-25,AARTIIND,Small Cap,Chemicals,489.25,45.3,SELL,AVOID,INVESTABLE
2026-09-25,AAVAS,Small Cap,Financial Services,1267.7,40.9,SELL,AVOID,AVOID
2026-09-25,ACE,Small Cap,Capital Goods,1226.6,64.8,BUY,BUY,INVESTABLE
2026-09-25,ACUTAAS,Small Cap,Healthcare,3272.5,49.2,SELL,AVOID,INVESTABLE
2026-09-25,ABFRL,Small Cap,Consumer Services,49.14,36.9,SELL,AVOID,AVOID
2026-09-25,ABLBL,Small Cap,Consumer Services,78.72,24.0,BUY,AVOID,AVOID
2026-09-25,ABREL,Small Cap,Realty,1230.9,35.8,SELL,AVOID,AVOID
2026-09-25,ABSLAMC,Small Cap,Financial Services,1014.5,43.2,SELL,AVOID,INVESTABLE
2026-09-25,CPPLUS,Small Cap,Capital Goods,3687.5,52.1,BUY,BUY,INVESTABLE
2026-09-25,AEGISLOG,Small Cap,Oil Gas & Consumable Fuels,1365.4,52.1,BUY,BUY,INVESTABLE
2026-09-25,AEGISVOPAK,Small Cap,Oil Gas & Consumable Fuels,287.5,47.5,SELL,BUY,INVESTABLE
2026-09-25,AFCONS,Small Cap,Construction,252.5,35.9,SELL,AVOID,AVOID
2026-09-25,AFFLE,Small Cap,Information Technology,1578.0,47.1,HOLD,AVOID,INVESTABLE
2026-09-25,ABDL,Small Cap,Fast Moving Consumer Goods,715.05,75.6,SELL,BUY,INVESTABLE
2026-09-25,ARE&M,Small Cap,Automobile and Auto Components,791.95,30.6,BUY,AVOID,AVOID
2026-09-25,AMBER,Small Cap,Consumer Durables,6960.0,38.9,SELL,AVOID,AVOID
2026-09-25,ANANDRATHI,Small Cap,Financial Services,2126.8,38.3,SELL,AVOID,INVESTABLE
2026-09-25,ANANTRAJ,Small Cap,Realty,617.4,53.3,BUY,BUY,INVESTABLE
2026-09-25,ANGELONE,Small Cap,Financial Services,288.0,42.6,SELL,AVOID,INVESTABLE
2026-09-25,ANURAS,Small Cap,Chemicals,1192.4,44.9,SELL,AVOID,AVOID
2026-09-25,APTUS,Small Cap,Financial Services,244.6,44.4,SELL,AVOID,AVOID
2026-09-25,ASAHIINDIA,Small Cap,Automobile and Auto Components,959.95,53.1,SELL,BUY,INVESTABLE
2026-09-25,ASTERDM,Small Cap,Healthcare,759.4,45.4,SELL,AVOID,INVESTABLE
2026-09-25,ATHERENERG,Small Cap,Automobile and Auto Components,1497.0,44.6,SELL,BUY,INVESTABLE
2026-09-25,ATUL,Small Cap,Chemicals,6070.5,36.9,SELL,AVOID,AVOID
2026-09-25,BEML,Small Cap,Capital Goods,2036.5,53.9,BUY,BUY,INVESTABLE
2026-09-25,BLS,Small Cap,Consumer Services,224.26,35.4,SELL,AVOID,AVOID
2026-09-25,BALRAMCHIN,Small Cap,Fast Moving Consumer Goods,685.8,53.5,BUY,BUY,INVESTABLE
2026-09-25,BANDHANBNK,Small Cap,Financial Services,187.7,62.9,BUY,BUY,AVOID
2026-09-25,BATAINDIA,Small Cap,Consumer Durables,629.8,32.9,BUY,AVOID,AVOID
2026-09-25,BAYERCROP,Small Cap,Chemicals,3717.6,18.2,BUY,AVOID,AVOID
2026-09-25,BELRISE,Small Cap,Automobile and Auto Components,247.92,63.5,BUY,BUY,INVESTABLE
2026-09-25,BIKAJI,Small Cap,Fast Moving Consumer Goods,573.95,47.4,HOLD,AVOID,AVOID
2026-09-25,BSOFT,Small Cap,Information Technology,274.05,36.6,SELL,AVOID,AVOID
2026-09-25,BLUEDART,Small Cap,Services,4746.5,31.9,BUY,AVOID,AVOID
2026-09-25,BLUEJET,Small Cap,Healthcare,570.65,46.6,SELL,AVOID,INVESTABLE
2026-09-25,BBTC,Small Cap,Fast Moving Consumer Goods,1435.2,45.2,SELL,AVOID,AVOID
2026-09-25,FIRSTCRY,Small Cap,Consumer Services,180.83,49.3,HOLD,AVOID,AVOID
2026-09-28,ADANIENT,Large Cap,Metals & Mining,2831.1,37.6,SELL,AVOID,INVESTABLE
2026-09-28,ADANIPORTS,Large Cap,Services,1743.7,49.5,SELL,BUY,INVESTABLE
2026-09-28,APOLLOHOSP,Large Cap,Healthcare,8860.0,51.0,BUY,BUY,INVESTABLE
2026-09-28,ASIANPAINT,Large Cap,Consumer Durables,2420.0,36.8,SELL,AVOID,AVOID
2026-09-28,AXISBANK,Large Cap,Financial Services,1209.9,42.0,SELL,AVOID,AVOID
2026-09-28,BAJAJ-AUTO,Large Cap,Automobile and Auto Components,11024.0,34.1,SELL,AVOID,INVESTABLE
2026-09-28,BAJFINANCE,Large Cap,Financial Services,985.0,38.2,SELL,AVOID,INVESTABLE
2026-09-28,BAJAJFINSV,Large Cap,Financial Services,1752.0,26.2,BUY,AVOID,AVOID
2026-09-28,BEL,Large Cap,Capital Goods,385.5,37.1,SELL,AVOID,AVOID
2026-09-28,BHARTIARTL,Large Cap,Telecommunication,1771.4,36.3,SELL,AVOID,AVOID
2026-09-28,CIPLA,Large Cap,Healthcare,1383.7,45.8,SELL,AVOID,INVESTABLE
2026-09-28,COALINDIA,Large Cap,Oil Gas & Consumable Fuels,422.5,54.6,BUY,BUY,AVOID
2026-09-28,DRREDDY,Large Cap,Healthcare,1221.0,63.7,BUY,BUY,AVOID
2026-09-28,EICHERMOT,Large Cap,Automobile and Auto Components,7213.5,26.5,BUY,AVOID,AVOID
2026-09-28,ETERNAL,Large Cap,Consumer Services,330.95,55.9,BUY,BUY,INVESTABLE
2026-09-28,GRASIM,Large Cap,Construction Materials,3150.0,41.5,SELL,AVOID,INVESTABLE
2026-09-28,HCLTECH,Large Cap,Information Technology,1252.6,46.1,SELL,AVOID,AVOID
2026-09-28,HDFCBANK,Large Cap,Financial Services,719.05,47.5,HOLD,AVOID,AVOID
2026-09-28,HDFCLIFE,Large Cap,Financial Services,531.6,45.8,SELL,AVOID,AVOID
2026-09-28,HINDALCO,Large Cap,Metals & Mining,955.9,38.6,SELL,AVOID,AVOID
2026-09-28,HINDUNILVR,Large Cap,Fast Moving Consumer Goods,1896.0,34.5,SELL,AVOID,AVOID
2026-09-28,ICICIBANK,Large Cap,Financial Services,1302.0,24.0,BUY,AVOID,AVOID
2026-09-28,ITC,Large Cap,Fast Moving Consumer Goods,265.2,47.4,HOLD,AVOID,AVOID
2026-09-28,INFY,Large Cap,Information Technology,1003.2,31.1,BUY,AVOID,AVOID
2026-09-28,INDIGO,Large Cap,Services,4874.5,42.1,SELL,AVOID,INVESTABLE
2026-09-28,JSWSTEEL,Large Cap,Metals & Mining,1264.1,45.4,SELL,AVOID,INVESTABLE
2026-09-28,JIOFIN,Large Cap,Financial Services,220.5,29.4,BUY,AVOID,AVOID
2026-09-28,KOTAKBANK,Large Cap,Financial Services,401.55,40.3,SELL,AVOID,INVESTABLE
2026-09-28,LT,Large Cap,Construction,3766.4,35.4,SELL,AVOID,AVOID
2026-09-28,M&M,Large Cap,Automobile and Auto Components,2995.0,31.6,BUY,AVOID,AVOID
2026-09-28,MARUTI,Large Cap,Automobile and Auto Components,12008.0,28.9,BUY,AVOID,AVOID
2026-09-28,MAXHEALTH,Large Cap,Healthcare,1000.1,40.3,SELL,AVOID,AVOID
2026-09-28,NTPC,Large Cap,Power,321.1,35.3,SELL,AVOID,AVOID
2026-09-28,NESTLEIND,Large Cap,Fast Moving Consumer Goods,1346.0,36.4,SELL,AVOID,AVOID
2026-09-28,ONGC,Large Cap,Oil Gas & Consumable Fuels,230.0,40.3,SELL,AVOID,AVOID
2026-09-28,POWERGRID,Large Cap,Power,261.85,42.3,SELL,AVOID,AVOID
2026-09-28,RELIANCE,Large Cap,Oil Gas & Consumable Fuels,1197.6,31.8,BUY,AVOID,AVOID
2026-09-28,SBILIFE,Large Cap,Financial Services,1728.1,46.6,HOLD,AVOID,AVOID
2026-09-28,SHRIRAMFIN,Large Cap,Financial Services,976.3,33.6,SELL,AVOID,AVOID
2026-09-28,SBIN,Large Cap,Financial Services,962.0,33.7,SELL,AVOID,AVOID
2026-09-28,360ONE,Mid Cap,Financial Services,1045.0,34.9,SELL,AVOID,AVOID
2026-09-28,3MINDIA,Mid Cap,Diversified,33415.0,47.4,HOLD,AVOID,AVOID
2026-09-28,ACC,Mid Cap,Construction Materials,1213.5,33.2,SELL,AVOID,AVOID
2026-09-28,AIAENG,Mid Cap,Capital Goods,3841.4,31.5,BUY,AVOID,AVOID
2026-09-28,APLAPOLLO,Mid Cap,Capital Goods,2197.0,55.3,BUY,BUY,INVESTABLE
2026-09-28,AUBANK,Mid Cap,Financial Services,995.3,36.9,SELL,AVOID,AVOID
2026-09-28,AWL,Mid Cap,Fast Moving Consumer Goods,180.66,37.6,SELL,AVOID,AVOID
2026-09-28,ABBOTINDIA,Mid Cap,Healthcare,26740.0,53.2,BUY,AVOID,INVESTABLE
2026-09-28,ATGL,Mid Cap,Oil Gas & Consumable Fuels,594.45,40.5,SELL,AVOID,AVOID
2026-09-28,ABCAPITAL,Mid Cap,Financial Services,382.7,41.0,SELL,AVOID,INVESTABLE
2026-09-28,AJANTPHARM,Mid Cap,Healthcare,3525.2,49.3,SELL,BUY,INVESTABLE
2026-09-28,ALKEM,Mid Cap,Healthcare,5175.0,42.1,SELL,AVOID,AVOID
2026-09-28,ANTHEM,Mid Cap,Healthcare,851.1,35.6,SELL,AVOID,INVESTABLE
2026-09-28,APARINDS,Mid Cap,Capital Goods,17263.0,48.7,SELL,BUY,INVESTABLE
2026-09-28,APOLLOTYRE,Mid Cap,Automobile and Auto Components,389.6,28.5,BUY,AVOID,AVOID
2026-09-28,ASHOKLEY,Mid Cap,Capital Goods,155.22,35.9,SELL,AVOID,AVOID
2026-09-28,ASTRAL,Mid Cap,Capital Goods,1370.5,35.0,SELL,AVOID,AVOID
2026-09-28,AUROPHARMA,Mid Cap,Healthcare,1697.5,54.6,BUY,BUY,INVESTABLE
2026-09-28,AIIL,Mid Cap,Financial Services,548.25,51.4,BUY,AVOID,INVESTABLE
2026-09-28,BSE,Mid Cap,Financial Services,3097.5,36.8,SELL,AVOID,AVOID
2026-09-28,BAJAJHFL,Mid Cap,Financial Services,82.52,42.6,SELL,AVOID,AVOID
2026-09-28,BALKRISIND,Mid Cap,Automobile and Auto Components,2153.8,39.7,SELL,AVOID,AVOID
2026-09-28,BANKINDIA,Mid Cap,Financial Services,129.99,28.8,BUY,AVOID,AVOID
2026-09-28,MAHABANK,Mid Cap,Financial Services,80.85,45.3,SELL,AVOID,INVESTABLE
2026-09-28,BERGEPAINT,Mid Cap,Consumer Durables,452.85,37.3,SELL,AVOID,AVOID
2026-09-28,BDL,Mid Cap,Capital Goods,1115.0,28.9,BUY,AVOID,AVOID
2026-09-28,BHARATFORG,Mid Cap,Automobile and Auto Components,1957.0,44.1,SELL,AVOID,INVESTABLE
2026-09-28,BHEL,Mid Cap,Capital Goods,411.9,43.9,SELL,AVOID,INVESTABLE
2026-09-28,BHARTIHEXA,Mid Cap,Telecommunication,1426.5,33.5,SELL,AVOID,AVOID
2026-09-28,GROWW,Mid Cap,Financial Services,183.39,35.9,SELL,AVOID,AVOID
2026-09-28,BIOCON,Mid Cap,Healthcare,374.9,34.7,SELL,AVOID,AVOID
2026-09-28,BLUESTARCO,Mid Cap,Consumer Durables,1575.4,56.8,BUY,BUY,AVOID
2026-09-28,CRISIL,Mid Cap,Financial Services,4650.6,54.1,SELL,BUY,INVESTABLE
2026-09-28,COCHINSHIP,Mid Cap,Capital Goods,1329.0,35.9,SELL,AVOID,AVOID
2026-09-28,COFORGE,Mid Cap,Information Technology,1773.0,42.1,SELL,AVOID,INVESTABLE
2026-09-28,COLPAL,Mid Cap,Fast Moving Consumer Goods,1845.9,45.2,HOLD,AVOID,AVOID
2026-09-28,CONCOR,Mid Cap,Services,450.0,29.6,BUY,AVOID,AVOID
2026-09-28,COROMANDEL,Mid Cap,Chemicals,1899.1,40.4,SELL,AVOID,AVOID
2026-09-28,DABUR,Mid Cap,Fast Moving Consumer Goods,385.75,46.6,HOLD,AVOID,AVOID
2026-09-28,DALBHARAT,Mid Cap,Construction Materials,1651.6,33.2,SELL,AVOID,AVOID
2026-09-28,ACMESOLAR,Small Cap,Power,437.9,60.2,BUY,BUY,INVESTABLE
2026-09-28,AADHARHFC,Small Cap,Financial Services,436.95,32.0,BUY,AVOID,AVOID
2026-09-28,AARTIIND,Small Cap,Chemicals,476.6,39.7,SELL,AVOID,INVESTABLE
2026-09-28,AAVAS,Small Cap,Financial Services,1282.4,45.0,SELL,AVOID,AVOID
2026-09-28,ACE,Small Cap,Capital Goods,1212.9,60.8,BUY,BUY,INVESTABLE
2026-09-28,ACUTAAS,Small Cap,Healthcare,3214.4,46.0,SELL,AVOID,INVESTABLE
2026-09-28,ABFRL,Small Cap,Consumer Services,47.59,31.6,BUY,AVOID,AVOID
2026-09-28,ABLBL,Small Cap,Consumer Services,77.17,20.7,BUY,AVOID,AVOID
2026-09-28,ABREL,Small Cap,Realty,1191.5,30.8,BUY,AVOID,AVOID
2026-09-28,ABSLAMC,Small Cap,Financial Services,987.7,38.5,SELL,AVOID,INVESTABLE
2026-09-28,CPPLUS,Small Cap,Capital Goods,3723.4,53.5,BUY,BUY,INVESTABLE
2026-09-28,AEGISLOG,Small Cap,Oil Gas & Consumable Fuels,1308.1,46.4,SELL,AVOID,INVESTABLE
2026-09-28,AEGISVOPAK,Small Cap,Oil Gas & Consumable Fuels,298.55,54.1,BUY,BUY,INVESTABLE
2026-09-28,AFCONS,Small Cap,Construction,251.65,35.4,SELL,AVOID,AVOID
2026-09-28,AFFLE,Small Cap,Information Technology,1548.4,42.3,SELL,AVOID,INVESTABLE
2026-09-28,ABDL,Small Cap,Fast Moving Consumer Goods,723.45,76.9,SELL,BUY,INVESTABLE
2026-09-28,ARE&M,Small Cap,Automobile and Auto Components,774.95,26.7,BUY,AVOID,AVOID
2026-09-28,AMBER,Small Cap,Consumer Durables,6990.0,40.5,SELL,AVOID,AVOID
2026-09-28,ANANDRATHI,Small Cap,Financial Services,2146.2,43.3,SELL,AVOID,INVESTABLE
2026-09-28,ANANTRAJ,Small Cap,Realty,607.95,49.5,SELL,AVOID,INVESTABLE
2026-09-28,ANGELONE,Small Cap,Financial Services,279.2,36.8,SELL,AVOID,AVOID
2026-09-28,ANURAS,Small Cap,Chemicals,1187.1,43.6,SELL,AVOID,AVOID
2026-09-28,APTUS,Small Cap,Financial Services,237.47,38.7,SELL,AVOID,AVOID
2026-09-28,ASAHIINDIA,Small Cap,Automobile and Auto Components,933.55,42.6,SELL,BUY,INVESTABLE
2026-09-28,ASTERDM,Small Cap,Healthcare,747.35,41.0,SELL,AVOID,INVESTABLE
2026-09-28,ATHERENERG,Small Cap,Automobile and Auto Components,1454.9,40.6,SELL,AVOID,INVESTABLE
2026-09-28,ATUL,Small Cap,Chemicals,5991.0,33.6,SELL,AVOID,AVOID
2026-09-28,BEML,Small Cap,Capital Goods,1995.1,49.2,SELL,BUY,INVESTABLE
2026-09-28,BLS,Small Cap,Consumer Services,221.22,32.8,BUY,AVOID,AVOID
2026-09-28,BALRAMCHIN,Small Cap,Fast Moving Consumer Goods,680.7,52.0,SELL,BUY,INVESTABLE
2026-09-28,BANDHANBNK,Small Cap,Financial Services,181.0,54.5,BUY,BUY,AVOID
2026-09-28,BATAINDIA,Small Cap,Consumer Durables,624.7,30.8,BUY,AVOID,AVOID
2026-09-28,BAYERCROP,Small Cap,Chemicals,3671.8,15.9,BUY,AVOID,AVOID
2026-09-28,BELRISE,Small Cap,Automobile and Auto Components,248.62,64.1,BUY,BUY,INVESTABLE
2026-09-28,BIKAJI,Small Cap,Fast Moving Consumer Goods,557.9,42.4,SELL,AVOID,AVOID
2026-09-28,BSOFT,Small Cap,Information Technology,271.25,34.6,SELL,AVOID,AVOID
2026-09-28,BLUEDART,Small Cap,Services,4749.6,32.3,BUY,AVOID,AVOID
2026-09-28,BLUEJET,Small Cap,Healthcare,557.3,40.3,SELL,AVOID,INVESTABLE
2026-09-28,BBTC,Small Cap,Fast Moving Consumer Goods,1415.7,42.5,SELL,AVOID,AVOID
2026-09-28,FIRSTCRY,Small Cap,Consumer Services,184.72,54.7,BUY,AVOID,AVOID
2026-09-29,ADANIENT,Large Cap,Metals & Mining,2972.9,49.9,HOLD,AVOID,INVESTABLE
2026-09-29,ADANIPORTS,Large Cap,Services,1822.0,59.5,BUY,BUY,INVESTABLE
2026-09-29,APOLLOHOSP,Large Cap,Healthcare,8659.0,42.9,SELL,AVOID,INVESTABLE
2026-09-29,ASIANPAINT,Large Cap,Consumer Durables,2415.0,36.2,SELL,AVOID,AVOID
2026-09-29,AXISBANK,Large Cap,Financial Services,1212.1,42.6,SELL,AVOID,AVOID
2026-09-29,BAJAJ-AUTO,Large Cap,Automobile and Auto Components,10811.0,29.9,BUY,AVOID,INVESTABLE
2026-09-29,BAJFINANCE,Large Cap,Financial Services,973.8,36.2,SELL,AVOID,INVESTABLE
2026-09-29,BAJAJFINSV,Large Cap,Financial Services,1742.4,25.4,BUY,AVOID,AVOID
2026-09-29,BEL,Large Cap,Capital Goods,387.75,39.7,SELL,AVOID,AVOID
2026-09-29,BHARTIARTL,Large Cap,Telecommunication,1771.2,36.3,SELL,AVOID,AVOID
2026-09-29,CIPLA,Large Cap,Healthcare,1379.3,44.3,SELL,AVOID,INVESTABLE
2026-09-29,COALINDIA,Large Cap,Oil Gas & Consumable Fuels,425.0,56.5,BUY,BUY,AVOID
2026-09-29,DRREDDY,Large Cap,Healthcare,1251.9,70.2,SELL,BUY,AVOID
2026-09-29,EICHERMOT,Large Cap,Automobile and Auto Components,7179.0,25.4,BUY,AVOID,AVOID
2026-09-29,ETERNAL,Large Cap,Consumer Services,327.85,52.2,BUY,BUY,INVESTABLE
2026-09-29,GRASIM,Large Cap,Construction Materials,3100.0,37.1,SELL,AVOID,INVESTABLE
2026-09-29,HCLTECH,Large Cap,Information Technology,1222.0,40.0,SELL,AVOID,AVOID
2026-09-29,HDFCBANK,Large Cap,Financial Services,722.7,49.4,HOLD,AVOID,AVOID
2026-09-29,HDFCLIFE,Large Cap,Financial Services,523.55,42.6,SELL,AVOID,AVOID
2026-09-29,HINDALCO,Large Cap,Metals & Mining,955.2,38.5,SELL,AVOID,AVOID
2026-09-29,HINDUNILVR,Large Cap,Fast Moving Consumer Goods,1863.8,30.3,BUY,AVOID,AVOID
2026-09-29,ICICIBANK,Large Cap,Financial Services,1292.2,22.4,BUY,AVOID,AVOID
2026-09-29,ITC,Large Cap,Fast Moving Consumer Goods,265.1,47.3,HOLD,AVOID,AVOID
2026-09-29,INFY,Large Cap,Information Technology,1015.4,35.9,SELL,AVOID,AVOID
2026-09-29,INDIGO,Large Cap,Services,4872.0,41.9,SELL,AVOID,INVESTABLE
2026-09-29,JSWSTEEL,Large Cap,Metals & Mining,1272.4,47.8,SELL,AVOID,INVESTABLE
2026-09-29,JIOFIN,Large Cap,Financial Services,217.56,26.8,BUY,AVOID,AVOID
2026-09-29,KOTAKBANK,Large Cap,Financial Services,406.0,45.8,SELL,BUY,INVESTABLE
2026-09-29,LT,Large Cap,Construction,3749.1,34.2,SELL,AVOID,AVOID
2026-09-29,M&M,Large Cap,Automobile and Auto Components,2947.8,28.1,BUY,AVOID,AVOID
2026-09-29,MARUTI,Large Cap,Automobile and Auto Components,11877.0,26.4,BUY,AVOID,AVOID
2026-09-29,MAXHEALTH,Large Cap,Healthcare,982.1,36.2,SELL,AVOID,AVOID
2026-09-29,NTPC,Large Cap,Power,323.5,40.1,SELL,AVOID,AVOID
2026-09-29,NESTLEIND,Large Cap,Fast Moving Consumer Goods,1345.7,36.4,SELL,AVOID,AVOID
2026-09-29,ONGC,Large Cap,Oil Gas & Consumable Fuels,230.0,40.3,SELL,AVOID,AVOID
2026-09-29,POWERGRID,Large Cap,Power,261.5,41.9,SELL,AVOID,AVOID
2026-09-29,RELIANCE,Large Cap,Oil Gas & Consumable Fuels,1182.0,29.2,BUY,AVOID,AVOID
2026-09-29,SBILIFE,Large Cap,Financial Services,1735.0,48.0,HOLD,AVOID,AVOID
2026-09-29,SHRIRAMFIN,Large Cap,Financial Services,971.5,32.6,BUY,AVOID,AVOID
2026-09-29,SBIN,Large Cap,Financial Services,964.7,35.1,SELL,AVOID,AVOID
2026-09-29,360ONE,Mid Cap,Financial Services,1029.2,32.3,BUY,AVOID,AVOID
2026-09-29,3MINDIA,Mid Cap,Diversified,31890.0,37.5,SELL,AVOID,AVOID
2026-09-29,ACC,Mid Cap,Construction Materials,1202.6,31.0,BUY,AVOID,AVOID
2026-09-29,AIAENG,Mid Cap,Capital Goods,3835.7,31.3,BUY,AVOID,AVOID
2026-09-29,APLAPOLLO,Mid Cap,Capital Goods,2188.6,54.1,BUY,BUY,INVESTABLE
2026-09-29,AUBANK,Mid Cap,Financial Services,1005.2,39.9,SELL,AVOID,AVOID
2026-09-29,AWL,Mid Cap,Fast Moving Consumer Goods,178.75,34.9,SELL,AVOID,AVOID
2026-09-29,ABBOTINDIA,Mid Cap,Healthcare,27270.0,59.5,BUY,BUY,INVESTABLE
2026-09-29,ATGL,Mid Cap,Oil Gas & Consumable Fuels,588.4,38.9,SELL,AVOID,AVOID
2026-09-29,ABCAPITAL,Mid Cap,Financial Services,378.0,38.8,SELL,AVOID,INVESTABLE
2026-09-29,AJANTPHARM,Mid Cap,Healthcare,3557.5,53.2,BUY,BUY,INVESTABLE
2026-09-29,ALKEM,Mid Cap,Healthcare,5250.0,47.0,HOLD,AVOID,AVOID
2026-09-29,ANTHEM,Mid Cap,Healthcare,869.75,42.1,SELL,AVOID,INVESTABLE
2026-09-29,APARINDS,Mid Cap,Capital Goods,17803.0,53.7,BUY,BUY,INVESTABLE
2026-09-29,APOLLOTYRE,Mid Cap,Automobile and Auto Components,406.75,44.1,SELL,AVOID,AVOID
2026-09-29,ASHOKLEY,Mid Cap,Capital Goods,153.44,33.9,SELL,AVOID,AVOID
2026-09-29,ASTRAL,Mid Cap,Capital Goods,1375.0,36.4,SELL,AVOID,AVOID
2026-09-29,AUROPHARMA,Mid Cap,Healthcare,1697.7,54.6,BUY,BUY,INVESTABLE
2026-09-29,AIIL,Mid Cap,Financial Services,541.8,49.2,HOLD,AVOID,INVESTABLE
2026-09-29,BSE,Mid Cap,Financial Services,3200.0,44.4,SELL,AVOID,AVOID
2026-09-29,BAJAJHFL,Mid Cap,Financial Services,81.26,37.3,SELL,AVOID,AVOID
2026-09-29,BALKRISIND,Mid Cap,Automobile and Auto Components,2126.2,37.1,SELL,AVOID,AVOID
2026-09-29,BANKINDIA,Mid Cap,Financial Services,130.11,29.2,BUY,AVOID,AVOID
2026-09-29,MAHABANK,Mid Cap,Financial Services,79.16,41.7,SELL,AVOID,INVESTABLE
2026-09-29,BERGEPAINT,Mid Cap,Consumer Durables,448.2,35.3,SELL,AVOID,AVOID
2026-09-29,BDL,Mid Cap,Capital Goods,1085.1,25.4,BUY,AVOID,AVOID
2026-09-29,BHARATFORG,Mid Cap,Automobile and Auto Components,1942.0,42.2,SELL,AVOID,INVESTABLE
2026-09-29,BHEL,Mid Cap,Capital Goods,413.35,44.8,SELL,AVOID,INVESTABLE
2026-09-29,BHARTIHEXA,Mid Cap,Telecommunication,1409.4,31.7,BUY,AVOID,AVOID
2026-09-29,GROWW,Mid Cap,Financial Services,183.52,36.1,SELL,AVOID,AVOID
2026-09-29,BIOCON,Mid Cap,Healthcare,377.0,36.7,SELL,AVOID,AVOID
2026-09-29,BLUESTARCO,Mid Cap,Consumer Durables,1529.5,49.8,HOLD,AVOID,AVOID
2026-09-29,CRISIL,Mid Cap,Financial Services,4464.1,42.6,SELL,AVOID,INVESTABLE
2026-09-29,COCHINSHIP,Mid Cap,Capital Goods,1359.3,41.5,SELL,AVOID,AVOID
2026-09-29,COFORGE,Mid Cap,Information Technology,1722.0,36.0,SELL,AVOID,INVESTABLE
2026-09-29,COLPAL,Mid Cap,Fast Moving Consumer Goods,1785.1,37.1,SELL,AVOID,AVOID
2026-09-29,CONCOR,Mid Cap,Services,443.5,27.7,BUY,AVOID,AVOID
2026-09-29,COROMANDEL,Mid Cap,Chemicals,1792.9,29.9,BUY,AVOID,AVOID
2026-09-29,DABUR,Mid Cap,Fast Moving Consumer Goods,380.4,41.0,SELL,AVOID,AVOID
2026-09-29,DALBHARAT,Mid Cap,Construction Materials,1637.4,31.7,BUY,AVOID,AVOID
2026-09-29,ACMESOLAR,Small Cap,Power,437.95,60.3,BUY,BUY,INVESTABLE
2026-09-29,AADHARHFC,Small Cap,Financial Services,432.5,30.2,BUY,AVOID,AVOID
2026-09-29,AARTIIND,Small Cap,Chemicals,469.9,37.0,SELL,AVOID,INVESTABLE
2026-09-29,AAVAS,Small Cap,Financial Services,1248.4,38.4,SELL,AVOID,AVOID
2026-09-29,ACE,Small Cap,Capital Goods,1205.8,58.8,BUY,BUY,INVESTABLE
2026-09-29,ACUTAAS,Small Cap,Healthcare,3304.1,51.2,BUY,BUY,INVESTABLE
2026-09-29,ABFRL,Small Cap,Consumer Services,46.24,27.8,BUY,AVOID,AVOID
2026-09-29,ABLBL,Small Cap,Consumer Services,76.98,20.3,BUY,AVOID,AVOID
2026-09-29,ABREL,Small Cap,Realty,1160.6,27.5,BUY,AVOID,AVOID
2026-09-29,ABSLAMC,Small Cap,Financial Services,955.9,33.8,SELL,AVOID,AVOID
2026-09-29,CPPLUS,Small Cap,Capital Goods,3817.6,57.1,BUY,BUY,INVESTABLE
2026-09-29,AEGISLOG,Small Cap,Oil Gas & Consumable Fuels,1299.8,45.6,SELL,AVOID,INVESTABLE
2026-09-29,AEGISVOPAK,Small Cap,Oil Gas & Consumable Fuels,294.25,51.4,SELL,BUY,INVESTABLE
2026-09-29,AFCONS,Small Cap,Construction,245.1,31.5,BUY,AVOID,AVOID
2026-09-29,AFFLE,Small Cap,Information Technology,1501.0,36.0,SELL,AVOID,AVOID
2026-09-29,ABDL,Small Cap,Fast Moving Consumer Goods,716.5,73.4,SELL,BUY,INVESTABLE
2026-09-29,ARE&M,Small Cap,Automobile and Auto Components,766.3,24.9,BUY,AVOID,AVOID
2026-09-29,AMBER,Small Cap,Consumer Durables,6606.5,29.6,BUY,AVOID,AVOID
2026-09-29,ANANDRATHI,Small Cap,Financial Services,2100.6,35.9,SELL,AVOID,INVESTABLE
2026-09-29,ANANTRAJ,Small Cap,Realty,602.3,47.4,SELL,AVOID,INVESTABLE
2026-09-29,ANGELONE,Small Cap,Financial Services,273.5,33.6,SELL,AVOID,AVOID
2026-09-29,ANURAS,Small Cap,Chemicals,1177.8,41.3,SELL,AVOID,AVOID
2026-09-29,APTUS,Small Cap,Financial Services,233.34,35.8,SELL,AVOID,AVOID
2026-09-29,ASAHIINDIA,Small Cap,Automobile and Auto Components,957.95,52.0,SELL,BUY,INVESTABLE
2026-09-29,ASTERDM,Small Cap,Healthcare,733.95,36.7,SELL,AVOID,INVESTABLE
2026-09-29,ATHERENERG,Small Cap,Automobile and Auto Components,1407.0,36.6,SELL,AVOID,INVESTABLE
2026-09-29,ATUL,Small Cap,Chemicals,5982.5,33.3,SELL,AVOID,AVOID
2026-09-29,BEML,Small Cap,Capital Goods,1966.6,46.2,SELL,BUY,INVESTABLE
2026-09-29,BLS,Small Cap,Consumer Services,219.55,31.5,BUY,AVOID,AVOID
2026-09-29,BALRAMCHIN,Small Cap,Fast Moving Consumer Goods,672.9,49.8,SELL,BUY,INVESTABLE
2026-09-29,BANDHANBNK,Small Cap,Financial Services,185.31,58.3,BUY,BUY,AVOID
2026-09-29,BATAINDIA,Small Cap,Consumer Durables,620.35,29.1,BUY,AVOID,AVOID
2026-09-29,BAYERCROP,Small Cap,Chemicals,3602.7,13.2,BUY,AVOID,AVOID
2026-09-29,BELRISE,Small Cap,Automobile and Auto Components,240.52,53.3,BUY,BUY,INVESTABLE
2026-09-29,BIKAJI,Small Cap,Fast Moving Consumer Goods,531.15,35.6,SELL,AVOID,AVOID
2026-09-29,BSOFT,Small Cap,Information Technology,269.05,33.0,SELL,AVOID,AVOID
2026-09-29,BLUEDART,Small Cap,Services,4576.0,22.7,BUY,AVOID,AVOID
2026-09-29,BLUEJET,Small Cap,Healthcare,549.6,37.2,SELL,AVOID,INVESTABLE
2026-09-29,BBTC,Small Cap,Fast Moving Consumer Goods,1355.0,35.3,SELL,AVOID,AVOID
2026-09-29,FIRSTCRY,Small Cap,Consumer Services,184.37,54.1,BUY,AVOID,AVOID
2026-09-30,ADANIENT,Large Cap,Metals & Mining,2903.4,45.2,SELL,AVOID,INVESTABLE
2026-09-30,ADANIPORTS,Large Cap,Services,1798.3,55.9,BUY,BUY,INVESTABLE
2026-09-30,APOLLOHOSP,Large Cap,Healthcare,8165.5,30.3,BUY,AVOID,INVESTABLE
2026-09-30,ASIANPAINT,Large Cap,Consumer Durables,2402.6,34.8,SELL,AVOID,AVOID
2026-09-30,AXISBANK,Large Cap,Financial Services,1226.0,46.7,SELL,AVOID,AVOID
2026-09-30,BSE,Large Cap,Financial Services,3092.0,39.1,SELL,AVOID,AVOID
2026-09-30,BAJAJ-AUTO,Large Cap,Automobile and Auto Components,10874.0,32.6,BUY,AVOID,INVESTABLE
2026-09-30,BAJFINANCE,Large Cap,Financial Services,959.4,33.8,SELL,AVOID,AVOID
2026-09-30,BAJAJFINSV,Large Cap,Financial Services,1731.0,24.3,BUY,AVOID,AVOID
2026-09-30,BEL,Large Cap,Capital Goods,388.3,40.3,SELL,AVOID,AVOID
2026-09-30,BHARTIARTL,Large Cap,Telecommunication,1757.0,34.4,SELL,AVOID,AVOID
2026-09-30,CIPLA,Large Cap,Healthcare,1346.0,35.2,SELL,AVOID,AVOID
2026-09-30,COALINDIA,Large Cap,Oil Gas & Consumable Fuels,425.0,56.5,BUY,BUY,AVOID
2026-09-30,DRREDDY,Large Cap,Healthcare,1233.0,62.8,BUY,BUY,AVOID
2026-09-30,EICHERMOT,Large Cap,Automobile and Auto Components,7150.0,24.5,BUY,AVOID,AVOID
2026-09-30,ETERNAL,Large Cap,Consumer Services,320.0,44.2,SELL,AVOID,INVESTABLE
2026-09-30,GRASIM,Large Cap,Construction Materials,3061.9,34.1,SELL,AVOID,INVESTABLE
2026-09-30,HCLTECH,Large Cap,Information Technology,1230.0,42.1,SELL,AVOID,AVOID
2026-09-30,HDFCBANK,Large Cap,Financial Services,708.7,43.0,SELL,AVOID,AVOID
2026-09-30,HDFCLIFE,Large Cap,Financial Services,521.2,41.7,SELL,AVOID,AVOID
2026-09-30,HINDALCO,Large Cap,Metals & Mining,941.8,35.5,SELL,AVOID,AVOID
2026-09-30,HINDUNILVR,Large Cap,Fast Moving Consumer Goods,1879.1,34.4,SELL,AVOID,AVOID
2026-09-30,ICICIBANK,Large Cap,Financial Services,1321.7,36.4,SELL,AVOID,AVOID
2026-09-30,ITC,Large Cap,Fast Moving Consumer Goods,262.75,44.1,SELL,AVOID,AVOID
2026-09-30,INFY,Large Cap,Information Technology,994.1,31.7,BUY,AVOID,AVOID
2026-09-30,INDIGO,Large Cap,Services,4984.0,49.7,HOLD,AVOID,INVESTABLE
2026-09-30,JSWSTEEL,Large Cap,Metals & Mining,1253.4,43.2,SELL,AVOID,INVESTABLE
2026-09-30,JIOFIN,Large Cap,Financial Services,216.88,26.2,BUY,AVOID,AVOID
2026-09-30,KOTAKBANK,Large Cap,Financial Services,417.0,56.5,BUY,BUY,INVESTABLE
2026-09-30,LT,Large Cap,Construction,3760.0,35.6,SELL,AVOID,AVOID
2026-09-30,M&M,Large Cap,Automobile and Auto Components,2950.0,28.5,BUY,AVOID,AVOID
2026-09-30,MARUTI,Large Cap,Automobile and Auto Components,11967.0,30.7,BUY,AVOID,AVOID
2026-09-30,MAXHEALTH,Large Cap,Healthcare,929.8,27.5,BUY,AVOID,AVOID
2026-09-30,NTPC,Large Cap,Power,322.75,39.1,SELL,AVOID,AVOID
2026-09-30,NESTLEIND,Large Cap,Fast Moving Consumer Goods,1310.0,30.5,BUY,AVOID,AVOID
2026-09-30,ONGC,Large Cap,Oil Gas & Consumable Fuels,225.8,34.7,SELL,AVOID,AVOID
2026-09-30,POWERGRID,Large Cap,Power,260.5,40.8,SELL,AVOID,AVOID
2026-09-30,RELIANCE,Large Cap,Oil Gas & Consumable Fuels,1187.0,31.1,BUY,AVOID,AVOID
2026-09-30,SBILIFE,Large Cap,Financial Services,1696.4,41.3,SELL,AVOID,AVOID
2026-09-30,SHRIRAMFIN,Large Cap,Financial Services,982.7,37.2,SELL,AVOID,AVOID
2026-09-30,360ONE,Mid Cap,Financial Services,1030.0,32.6,BUY,AVOID,AVOID
2026-09-30,AIAENG,Mid Cap,Capital Goods,3869.0,34.5,SELL,AVOID,AVOID
2026-09-30,APLAPOLLO,Mid Cap,Capital Goods,2190.1,54.3,BUY,BUY,INVESTABLE
2026-09-30,AUBANK,Mid Cap,Financial Services,1010.3,41.4,SELL,AVOID,INVESTABLE
2026-09-30,ABBOTINDIA,Mid Cap,Healthcare,27125.0,57.2,BUY,BUY,INVESTABLE
2026-09-30,ATGL,Mid Cap,Oil Gas & Consumable Fuels,593.9,41.2,SELL,AVOID,AVOID
2026-09-30,ABCAPITAL,Mid Cap,Financial Services,380.6,40.7,SELL,AVOID,INVESTABLE
2026-09-30,AJANTPHARM,Mid Cap,Healthcare,3620.8,59.8,BUY,BUY,INVESTABLE
2026-09-30,ALKEM,Mid Cap,Healthcare,5163.5,42.5,SELL,AVOID,AVOID
2026-09-30,ANTHEM,Mid Cap,Healthcare,858.6,39.5,SELL,AVOID,INVESTABLE
2026-09-30,APARINDS,Mid Cap,Capital Goods,17384.0,49.7,SELL,BUY,INVESTABLE
2026-09-30,ASHOKLEY,Mid Cap,Capital Goods,154.19,35.5,SELL,AVOID,AVOID
2026-09-30,ASTERDM,Mid Cap,Healthcare,697.15,28.0,BUY,AVOID,AVOID
2026-09-30,ASTRAL,Mid Cap,Capital Goods,1370.4,35.6,SELL,AVOID,AVOID
2026-09-30,AUROPHARMA,Mid Cap,Healthcare,1672.0,49.1,SELL,BUY,INVESTABLE
2026-09-30,AIIL,Mid Cap,Financial Services,546.6,50.9,BUY,AVOID,INVESTABLE
2026-09-30,BAJAJHFL,Mid Cap,Financial Services,82.0,41.8,SELL,AVOID,AVOID
2026-09-30,BALKRISIND,Mid Cap,Automobile and Auto Components,2117.0,36.2,SELL,AVOID,AVOID
2026-09-30,BANKINDIA,Mid Cap,Financial Services,130.24,29.6,BUY,AVOID,AVOID
2026-09-30,MAHABANK,Mid Cap,Financial Services,79.37,42.3,SELL,AVOID,INVESTABLE
2026-09-30,BERGEPAINT,Mid Cap,Consumer Durables,455.45,40.7,SELL,AVOID,AVOID
2026-09-30,BDL,Mid Cap,Capital Goods,1110.1,32.6,BUY,AVOID,AVOID
2026-09-30,BHARATFORG,Mid Cap,Automobile and Auto Components,1926.0,40.2,SELL,AVOID,INVESTABLE
2026-09-30,BHEL,Mid Cap,Capital Goods,415.5,46.2,SELL,AVOID,INVESTABLE
2026-09-30,BHARTIHEXA,Mid Cap,Telecommunication,1424.5,35.1,SELL,AVOID,AVOID
2026-09-30,GROWW,Mid Cap,Financial Services,183.91,37.0,SELL,AVOID,AVOID
2026-09-30,BIOCON,Mid Cap,Healthcare,370.3,33.2,SELL,AVOID,AVOID
2026-09-30,BLUESTARCO,Mid Cap,Consumer Durables,1518.0,48.2,SELL,AVOID,AVOID
2026-09-30,CRISIL,Mid Cap,Financial Services,4450.8,41.9,SELL,AVOID,INVESTABLE
2026-09-30,COCHINSHIP,Mid Cap,Capital Goods,1315.0,36.5,SELL,AVOID,AVOID
2026-09-30,COFORGE,Mid Cap,Information Technology,1749.1,40.9,SELL,AVOID,INVESTABLE
2026-09-30,COLPAL,Mid Cap,Fast Moving Consumer Goods,1763.3,34.7,SELL,AVOID,AVOID
2026-09-30,CONCOR,Mid Cap,Services,447.5,30.6,BUY,AVOID,AVOID
2026-09-30,COROMANDEL,Mid Cap,Chemicals,1758.2,27.4,BUY,AVOID,AVOID
2026-09-30,DABUR,Mid Cap,Fast Moving Consumer Goods,380.1,40.7,SELL,AVOID,AVOID
2026-09-30,DALBHARAT,Mid Cap,Construction Materials,1683.7,41.1,SELL,AVOID,AVOID
2026-09-30,DIXON,Mid Cap,Consumer Durables,13100.0,39.9,SELL,AVOID,INVESTABLE
2026-09-30,EMBASSY,Mid Cap,Realty,437.71,47.5,SELL,AVOID,INVESTABLE
2026-09-30,ENDURANCE,Mid Cap,Automobile and Auto Components,2656.5,40.8,SELL,AVOID,INVESTABLE
2026-09-30,ESCORTS,Mid Cap,Capital Goods,2715.2,30.5,BUY,AVOID,AVOID
2026-09-30,ACC,Small Cap,Construction Materials,1204.1,31.7,BUY,AVOID,AVOID
2026-09-30,ACMESOLAR,Small Cap,Power,439.0,60.7,BUY,BUY,INVESTABLE
2026-09-30,AWL,Small Cap,Fast Moving Consumer Goods,177.68,33.5,SELL,AVOID,AVOID
2026-09-30,AADHARHFC,Small Cap,Financial Services,436.0,33.3,SELL,AVOID,AVOID
2026-09-30,AARTIIND,Small Cap,Chemicals,475.7,40.7,SELL,AVOID,INVESTABLE
2026-09-30,AAVAS,Small Cap,Financial Services,1211.9,32.8,BUY,AVOID,AVOID
2026-09-30,ACE,Small Cap,Capital Goods,1232.0,63.6,BUY,BUY,INVESTABLE
2026-09-30,ACUTAAS,Small Cap,Healthcare,3279.4,49.8,SELL,BUY,INVESTABLE
2026-09-30,ABREL,Small Cap,Realty,1130.7,24.8,BUY,AVOID,AVOID
2026-09-30,ABSLAMC,Small Cap,Financial Services,995.3,43.1,SELL,AVOID,INVESTABLE
2026-09-30,CPPLUS,Small Cap,Capital Goods,3846.5,58.2,BUY,BUY,INVESTABLE
2026-09-30,AEGISLOG,Small Cap,Oil Gas & Consumable Fuels,1380.1,53.7,BUY,BUY,INVESTABLE
2026-09-30,AEGISVOPAK,Small Cap,Oil Gas & Consumable Fuels,296.8,52.9,SELL,BUY,INVESTABLE
2026-09-30,AETHER,Small Cap,Chemicals,1699.3,56.4,BUY,BUY,INVESTABLE
2026-09-30,AFCONS,Small Cap,Construction,247.8,34.7,SELL,AVOID,AVOID
2026-09-30,AFFLE,Small Cap,Information Technology,1511.0,38.1,SELL,AVOID,AVOID
2026-09-30,ABDL,Small Cap,Fast Moving Consumer Goods,718.9,73.8,SELL,BUY,INVESTABLE
2026-09-30,ARE&M,Small Cap,Automobile and Auto Components,754.55,22.7,BUY,AVOID,AVOID
2026-09-30,AMBER,Small Cap,Consumer Durables,6672.5,33.0,BUY,AVOID,AVOID
2026-09-30,ANANDRATHI,Small Cap,Financial Services,2120.0,40.6,SELL,AVOID,INVESTABLE
2026-09-30,ANANTRAJ,Small Cap,Realty,598.9,46.1,SELL,AVOID,INVESTABLE
2026-09-30,ANGELONE,Small Cap,Financial Services,274.0,34.1,SELL,AVOID,AVOID
2026-09-30,ANURAS,Small Cap,Chemicals,1181.0,42.4,SELL,AVOID,AVOID
2026-09-30,APOLLOTYRE,Small Cap,Automobile and Auto Components,404.7,42.9,SELL,AVOID,AVOID
2026-09-30,APTUS,Small Cap,Financial Services,232.53,35.3,SELL,AVOID,AVOID
2026-09-30,ASAHIINDIA,Small Cap,Automobile and Auto Components,958.85,52.3,SELL,BUY,INVESTABLE
2026-09-30,ATHERENERG,Small Cap,Automobile and Auto Components,1425.0,39.1,SELL,AVOID,INVESTABLE
2026-09-30,ATUL,Small Cap,Chemicals,5915.5,30.7,BUY,AVOID,AVOID
2026-09-30,AVANTIFEED,Small Cap,Fast Moving Consumer Goods,717.8,28.5,BUY,AVOID,AVOID
2026-09-30,AZAD,Small Cap,Capital Goods,2963.2,63.5,BUY,BUY,INVESTABLE
2026-09-30,BEML,Small Cap,Capital Goods,1992.4,49.2,SELL,BUY,INVESTABLE
2026-09-30,BLS,Small Cap,Consumer Services,218.26,30.4,BUY,AVOID,AVOID
2026-09-30,BALRAMCHIN,Small Cap,Fast Moving Consumer Goods,662.85,47.1,SELL,BUY,INVESTABLE
2026-09-30,BANDHANBNK,Small Cap,Financial Services,178.23,50.7,BUY,BUY,AVOID
2026-09-30,BATAINDIA,Small Cap,Consumer Durables,618.75,28.4,BUY,AVOID,AVOID
2026-09-30,BELRISE,Small Cap,Automobile and Auto Components,240.36,53.1,BUY,BUY,INVESTABLE
2026-09-30,BHARATCOAL,Small Cap,Oil Gas & Consumable Fuels,32.8,46.9,SELL,AVOID,AVOID
2026-09-30,BSOFT,Small Cap,Information Technology,271.7,36.7,SELL,AVOID,AVOID
2026-09-30,BBOX,Small Cap,Information Technology,804.8,54.3,BUY,BUY,INVESTABLE
2026-10-01,ADANIENT,Large Cap,Metals & Mining,2816.8,40.1,SELL,AVOID,INVESTABLE
2026-10-01,ADANIPORTS,Large Cap,Services,1737.8,47.9,SELL,BUY,INVESTABLE
2026-10-01,APOLLOHOSP,Large Cap,Healthcare,8133.5,29.7,BUY,AVOID,INVESTABLE
2026-10-01,ASIANPAINT,Large Cap,Consumer Durables,2407.0,35.8,SELL,AVOID,AVOID
2026-10-01,AXISBANK,Large Cap,Financial Services,1217.1,44.5,SELL,AVOID,AVOID
2026-10-01,BSE,Large Cap,Financial Services,3046.0,37.0,SELL,AVOID,AVOID
2026-10-01,BAJAJ-AUTO,Large Cap,Automobile and Auto Components,10045.0,21.3,BUY,AVOID,AVOID
2026-10-01,BAJFINANCE,Large Cap,Financial Services,948.3,32.1,BUY,AVOID,AVOID
2026-10-01,BAJAJFINSV,Large Cap,Financial Services,1732.6,24.8,BUY,AVOID,AVOID
2026-10-01,BEL,Large Cap,Capital Goods,383.1,36.4,SELL,AVOID,AVOID
2026-10-01,BHARTIARTL,Large Cap,Telecommunication,1741.1,32.4,BUY,AVOID,AVOID
2026-10-01,CIPLA,Large Cap,Healthcare,1344.0,34.8,SELL,AVOID,AVOID
2026-10-01,COALINDIA,Large Cap,Oil Gas & Consumable Fuels,420.4,51.8,SELL,BUY,AVOID
2026-10-01,DRREDDY,Large Cap,Healthcare,1206.2,54.0,BUY,BUY,AVOID
2026-10-01,EICHERMOT,Large Cap,Automobile and Auto Components,6920.0,18.8,BUY,AVOID,AVOID
2026-10-01,ETERNAL,Large Cap,Consumer Services,313.9,39.2,SELL,AVOID,INVESTABLE
2026-10-01,GRASIM,Large Cap,Construction Materials,2962.0,27.9,BUY,AVOID,AVOID
2026-10-01,HCLTECH,Large Cap,Information Technology,1243.1,45.6,SELL,AVOID,AVOID
2026-10-01,HDFCBANK,Large Cap,Financial Services,721.2,49.3,HOLD,AVOID,AVOID
2026-10-01,HDFCLIFE,Large Cap,Financial Services,534.2,48.2,SELL,AVOID,AVOID
2026-10-01,HINDALCO,Large Cap,Metals & Mining,941.85,35.5,SELL,AVOID,AVOID
2026-10-01,HINDUNILVR,Large Cap,Fast Moving Consumer Goods,1836.0,29.2,BUY,AVOID,AVOID
2026-10-01,ICICIBANK,Large Cap,Financial Services,1310.6,33.9,SELL,AVOID,AVOID
2026-10-01,ITC,Large Cap,Fast Moving Consumer Goods,255.9,36.3,SELL,AVOID,AVOID
2026-10-01,INFY,Large Cap,Information Technology,1035.0,44.9,SELL,AVOID,AVOID
2026-10-01,INDIGO,Large Cap,Services,4929.9,46.5,SELL,AVOID,INVESTABLE
2026-10-01,JSWSTEEL,Large Cap,Metals & Mining,1233.0,38.9,SELL,AVOID,AVOID
2026-10-01,JIOFIN,Large Cap,Financial Services,212.5,22.8,BUY,AVOID,AVOID
2026-10-01,KOTAKBANK,Large Cap,Financial Services,418.35,57.6,BUY,BUY,INVESTABLE
2026-10-01,LT,Large Cap,Construction,3693.4,31.3,BUY,AVOID,AVOID
2026-10-01,M&M,Large Cap,Automobile and Auto Components,2860.0,23.0,BUY,AVOID,AVOID
2026-10-01,MARUTI,Large Cap,Automobile and Auto Components,11386.0,21.8,BUY,AVOID,AVOID
2026-10-01,MAXHEALTH,Large Cap,Healthcare,940.95,31.3,BUY,AVOID,AVOID
2026-10-01,NTPC,Large Cap,Power,315.1,30.9,BUY,AVOID,AVOID
2026-10-01,NESTLEIND,Large Cap,Fast Moving Consumer Goods,1307.7,30.1,BUY,AVOID,AVOID
2026-10-01,ONGC,Large Cap,Oil Gas & Consumable Fuels,222.37,30.9,BUY,AVOID,AVOID
2026-10-01,POWERGRID,Large Cap,Power,254.55,34.7,SELL,AVOID,AVOID
2026-10-01,RELIANCE,Large Cap,Oil Gas & Consumable Fuels,1167.7,27.9,BUY,AVOID,AVOID
2026-10-01,SBILIFE,Large Cap,Financial Services,1721.6,46.6,SELL,AVOID,AVOID
2026-10-01,SHRIRAMFIN,Large Cap,Financial Services,945.0,29.8,BUY,AVOID,AVOID
2026-10-01,360ONE,Mid Cap,Financial Services,1040.0,36.1,SELL,AVOID,AVOID
2026-10-01,AIAENG,Mid Cap,Capital Goods,3824.4,32.3,BUY,AVOID,AVOID
2026-10-01,APLAPOLLO,Mid Cap,Capital Goods,2115.7,44.8,SELL,BUY,INVESTABLE
2026-10-01,AUBANK,Mid Cap,Financial Services,987.0,36.8,SELL,AVOID,AVOID
2026-10-01,ABBOTINDIA,Mid Cap,Healthcare,26840.0,52.9,BUY,AVOID,INVESTABLE
2026-10-01,ATGL,Mid Cap,Oil Gas & Consumable Fuels,583.05,38.1,SELL,AVOID,AVOID
2026-10-01,ABCAPITAL,Mid Cap,Financial Services,375.05,37.9,SELL,AVOID,INVESTABLE
2026-10-01,AJANTPHARM,Mid Cap,Healthcare,3581.0,54.6,BUY,BUY,INVESTABLE
2026-10-01,ALKEM,Mid Cap,Healthcare,5220.0,46.1,SELL,AVOID,AVOID
2026-10-01,ANTHEM,Mid Cap,Healthcare,855.75,38.9,SELL,AVOID,INVESTABLE
2026-10-01,APARINDS,Mid Cap,Capital Goods,17648.0,52.1,SELL,BUY,INVESTABLE
2026-10-01,ASHOKLEY,Mid Cap,Capital Goods,150.48,31.5,BUY,AVOID,AVOID
2026-10-01,ASTERDM,Mid Cap,Healthcare,708.9,33.4,SELL,AVOID,AVOID
2026-10-01,ASTRAL,Mid Cap,Capital Goods,1344.0,31.3,BUY,AVOID,AVOID
2026-10-01,AUROPHARMA,Mid Cap,Healthcare,1676.8,50.1,SELL,BUY,INVESTABLE
2026-10-01,AIIL,Mid Cap,Financial Services,539.3,48.3,HOLD,AVOID,INVESTABLE
2026-10-01,BAJAJHFL,Mid Cap,Financial Services,82.91,47.0,SELL,AVOID,AVOID
2026-10-01,BALKRISIND,Mid Cap,Automobile and Auto Components,2083.5,33.1,SELL,AVOID,AVOID
2026-10-01,BANKINDIA,Mid Cap,Financial Services,129.48,28.5,BUY,AVOID,AVOID
2026-10-01,MAHABANK,Mid Cap,Financial Services,80.5,45.7,SELL,AVOID,INVESTABLE
2026-10-01,BERGEPAINT,Mid Cap,Consumer Durables,452.4,39.2,SELL,AVOID,AVOID
2026-10-01,BDL,Mid Cap,Capital Goods,1087.9,29.9,BUY,AVOID,AVOID
2026-10-01,BHARATFORG,Mid Cap,Automobile and Auto Components,1875.0,34.7,SELL,AVOID,INVESTABLE
2026-10-01,BHEL,Mid Cap,Capital Goods,421.0,49.7,SELL,BUY,INVESTABLE
2026-10-01,BHARTIHEXA,Mid Cap,Telecommunication,1379.2,30.2,BUY,AVOID,AVOID
2026-10-01,GROWW,Mid Cap,Financial Services,180.11,32.4,BUY,AVOID,AVOID
2026-10-01,BIOCON,Mid Cap,Healthcare,370.7,33.6,SELL,AVOID,AVOID
2026-10-01,BLUESTARCO,Mid Cap,Consumer Durables,1459.6,41.1,SELL,AVOID,AVOID
2026-10-01,CRISIL,Mid Cap,Financial Services,4428.6,40.7,SELL,AVOID,INVESTABLE
2026-10-01,COCHINSHIP,Mid Cap,Capital Goods,1287.0,33.7,SELL,AVOID,AVOID
2026-10-01,COFORGE,Mid Cap,Information Technology,1826.0,52.1,BUY,BUY,INVESTABLE
2026-10-01,COLPAL,Mid Cap,Fast Moving Consumer Goods,1735.0,31.8,BUY,AVOID,AVOID
2026-10-01,CONCOR,Mid Cap,Services,442.0,28.9,BUY,AVOID,AVOID
2026-10-01,COROMANDEL,Mid Cap,Chemicals,1763.6,28.4,BUY,AVOID,AVOID
2026-10-01,DABUR,Mid Cap,Fast Moving Consumer Goods,374.25,35.4,SELL,AVOID,AVOID
2026-10-01,DALBHARAT,Mid Cap,Construction Materials,1682.1,40.9,SELL,AVOID,AVOID
2026-10-01,DIXON,Mid Cap,Consumer Durables,12700.0,34.3,SELL,AVOID,INVESTABLE
2026-10-01,EMBASSY,Mid Cap,Realty,434.42,40.5,SELL,AVOID,INVESTABLE
2026-10-01,ENDURANCE,Mid Cap,Automobile and Auto Components,2601.4,36.0,SELL,AVOID,INVESTABLE
2026-10-01,ESCORTS,Mid Cap,Capital Goods,2667.3,27.3,BUY,AVOID,AVOID
2026-10-01,ACC,Small Cap,Construction Materials,1182.8,27.5,BUY,AVOID,AVOID
2026-10-01,ACMESOLAR,Small Cap,Power,432.55,56.4,BUY,BUY,INVESTABLE
2026-10-01,AWL,Small Cap,Fast Moving Consumer Goods,175.43,30.6,BUY,AVOID,AVOID
2026-10-01,AADHARHFC,Small Cap,Financial Services,448.4,42.9,SELL,AVOID,AVOID
2026-10-01,AARTIIND,Small Cap,Chemicals,465.1,36.5,SELL,AVOID,INVESTABLE
2026-10-01,AAVAS,Small Cap,Financial Services,1190.9,30.1,BUY,AVOID,AVOID
2026-10-01,ACE,Small Cap,Capital Goods,1212.3,58.1,BUY,BUY,INVESTABLE
2026-10-01,ACUTAAS,Small Cap,Healthcare,3196.5,45.3,SELL,AVOID,INVESTABLE
2026-10-01,ABREL,Small Cap,Realty,1100.5,22.3,BUY,AVOID,AVOID
2026-10-01,ABSLAMC,Small Cap,Financial Services,991.7,42.5,SELL,AVOID,INVESTABLE
2026-10-01,CPPLUS,Small Cap,Capital Goods,3799.6,55.8,BUY,BUY,INVESTABLE
2026-10-01,AEGISLOG,Small Cap,Oil Gas & Consumable Fuels,1401.1,55.6,BUY,BUY,INVESTABLE
2026-10-01,AEGISVOPAK,Small Cap,Oil Gas & Consumable Fuels,290.75,49.0,SELL,BUY,INVESTABLE
2026-10-01,AETHER,Small Cap,Chemicals,1670.0,52.1,BUY,BUY,INVESTABLE
2026-10-01,AFCONS,Small Cap,Construction,242.39,31.5,BUY,AVOID,AVOID
2026-10-01,AFFLE,Small Cap,Information Technology,1449.6,31.3,BUY,AVOID,AVOID
2026-10-01,ABDL,Small Cap,Fast Moving Consumer Goods,679.45,56.9,BUY,BUY,INVESTABLE
2026-10-01,ARE&M,Small Cap,Automobile and Auto Components,747.4,21.5,BUY,AVOID,AVOID
2026-10-01,AMBER,Small Cap,Consumer Durables,6500.0,29.1,BUY,AVOID,AVOID
2026-10-01,ANANDRATHI,Small Cap,Financial Services,2117.5,40.2,SELL,AVOID,INVESTABLE
2026-10-01,ANANTRAJ,Small Cap,Realty,577.85,39.0,SELL,AVOID,INVESTABLE
2026-10-01,ANGELONE,Small Cap,Financial Services,276.8,37.2,SELL,AVOID,AVOID
2026-10-01,ANURAS,Small Cap,Chemicals,1163.7,38.2,SELL,AVOID,AVOID
2026-10-01,APOLLOTYRE,Small Cap,Automobile and Auto Components,404.75,42.9,SELL,AVOID,AVOID
2026-10-01,APTUS,Small Cap,Financial Services,226.4,31.3,BUY,AVOID,AVOID
2026-10-01,ASAHIINDIA,Small Cap,Automobile and Auto Components,944.25,47.0,SELL,BUY,INVESTABLE
2026-10-01,ATHERENERG,Small Cap,Automobile and Auto Components,1406.1,37.4,SELL,AVOID,INVESTABLE
2026-10-01,ATUL,Small Cap,Chemicals,5861.0,28.7,BUY,AVOID,AVOID
2026-10-01,AVANTIFEED,Small Cap,Fast Moving Consumer Goods,711.55,27.5,BUY,AVOID,AVOID
2026-10-01,AZAD,Small Cap,Capital Goods,2860.9,56.1,BUY,BUY,INVESTABLE
2026-10-01,BEML,Small Cap,Capital Goods,1962.3,46.0,SELL,BUY,INVESTABLE
2026-10-01,BLS,Small Cap,Consumer Services,216.51,29.0,BUY,AVOID,AVOID
2026-10-01,BALRAMCHIN,Small Cap,Fast Moving Consumer Goods,649.05,43.5,SELL,AVOID,INVESTABLE
2026-10-01,BANDHANBNK,Small Cap,Financial Services,176.0,48.6,SELL,BUY,AVOID
2026-10-01,BATAINDIA,Small Cap,Consumer Durables,613.0,26.2,BUY,AVOID,AVOID
2026-10-01,BELRISE,Small Cap,Automobile and Auto Components,237.5,49.7,HOLD,BUY,INVESTABLE
2026-10-01,BHARATCOAL,Small Cap,Oil Gas & Consumable Fuels,31.75,38.7,SELL,AVOID,AVOID
2026-10-01,BSOFT,Small Cap,Information Technology,269.75,35.2,SELL,AVOID,AVOID
2026-10-01,BBOX,Small Cap,Information Technology,795.85,52.3,BUY,BUY,INVESTABLE
2026-10-02,ADANIENT,Large Cap,Metals & Mining,2816.8,40.1,SELL,AVOID,INVESTABLE
2026-10-02,ADANIPORTS,Large Cap,Services,1737.8,47.9,SELL,BUY,INVESTABLE
2026-10-02,APOLLOHOSP,Large Cap,Healthcare,8133.5,29.7,BUY,AVOID,INVESTABLE
2026-10-02,ASIANPAINT,Large Cap,Consumer Durables,2407.0,35.8,SELL,AVOID,AVOID
2026-10-02,AXISBANK,Large Cap,Financial Services,1217.1,44.5,SELL,AVOID,AVOID
2026-10-02,BSE,Large Cap,Financial Services,3046.0,37.0,SELL,AVOID,AVOID
2026-10-02,BAJAJ-AUTO,Large Cap,Automobile and Auto Components,10045.0,21.3,BUY,AVOID,AVOID
2026-10-02,BAJFINANCE,Large Cap,Financial Services,948.3,32.1,BUY,AVOID,AVOID
2026-10-02,BAJAJFINSV,Large Cap,Financial Services,1732.6,24.8,BUY,AVOID,AVOID
2026-10-02,BEL,Large Cap,Capital Goods,383.1,36.4,SELL,AVOID,AVOID
2026-10-02,BHARTIARTL,Large Cap,Telecommunication,1741.1,32.4,BUY,AVOID,AVOID
2026-10-02,CIPLA,Large Cap,Healthcare,1344.0,34.8,SELL,AVOID,AVOID
2026-10-02,COALINDIA,Large Cap,Oil Gas & Consumable Fuels,420.4,51.8,SELL,BUY,AVOID
2026-10-02,DRREDDY,Large Cap,Healthcare,1206.2,54.0,BUY,BUY,AVOID
2026-10-02,EICHERMOT,Large Cap,Automobile and Auto Components,6920.0,18.8,BUY,AVOID,AVOID
2026-10-02,ETERNAL,Large Cap,Consumer Services,313.9,39.2,SELL,AVOID,INVESTABLE
2026-10-02,GRASIM,Large Cap,Construction Materials,2962.0,27.9,BUY,AVOID,AVOID
2026-10-02,HCLTECH,Large Cap,Information Technology,1243.1,45.6,SELL,AVOID,AVOID
2026-10-02,HDFCBANK,Large Cap,Financial Services,721.2,49.3,HOLD,AVOID,AVOID
2026-10-02,HDFCLIFE,Large Cap,Financial Services,534.2,48.2,SELL,AVOID,AVOID
2026-10-02,HINDALCO,Large Cap,Metals & Mining,941.85,35.5,SELL,AVOID,AVOID
2026-10-02,HINDUNILVR,Large Cap,Fast Moving Consumer Goods,1836.0,29.2,BUY,AVOID,AVOID
2026-10-02,ICICIBANK,Large Cap,Financial Services,1310.6,33.9,SELL,AVOID,AVOID
2026-10-02,ITC,Large Cap,Fast Moving Consumer Goods,255.9,36.3,SELL,AVOID,AVOID
2026-10-02,INFY,Large Cap,Information Technology,1035.0,44.9,SELL,AVOID,AVOID
2026-10-02,INDIGO,Large Cap,Services,4929.9,46.5,SELL,AVOID,INVESTABLE
2026-10-02,JSWSTEEL,Large Cap,Metals & Mining,1233.0,38.9,SELL,AVOID,AVOID
2026-10-02,JIOFIN,Large Cap,Financial Services,212.5,22.8,BUY,AVOID,AVOID
2026-10-02,KOTAKBANK,Large Cap,Financial Services,418.35,57.6,BUY,BUY,INVESTABLE
2026-10-02,LT,Large Cap,Construction,3693.4,31.3,BUY,AVOID,AVOID
2026-10-02,M&M,Large Cap,Automobile and Auto Components,2860.0,23.0,BUY,AVOID,AVOID
2026-10-02,MARUTI,Large Cap,Automobile and Auto Components,11386.0,21.8,BUY,AVOID,AVOID
2026-10-02,MAXHEALTH,Large Cap,Healthcare,940.95,31.3,BUY,AVOID,AVOID
2026-10-02,NTPC,Large Cap,Power,315.1,30.9,BUY,AVOID,AVOID
2026-10-02,NESTLEIND,Large Cap,Fast Moving Consumer Goods,1307.7,30.1,BUY,AVOID,AVOID
2026-10-02,ONGC,Large Cap,Oil Gas & Consumable Fuels,222.37,30.9,BUY,AVOID,AVOID
2026-10-02,POWERGRID,Large Cap,Power,254.55,34.7,SELL,AVOID,AVOID
2026-10-02,RELIANCE,Large Cap,Oil Gas & Consumable Fuels,1167.7,27.9,BUY,AVOID,AVOID
2026-10-02,SBILIFE,Large Cap,Financial Services,1721.6,46.6,SELL,AVOID,AVOID
2026-10-02,SHRIRAMFIN,Large Cap,Financial Services,945.0,29.8,BUY,AVOID,AVOID
2026-10-02,360ONE,Mid Cap,Financial Services,1040.0,36.1,SELL,AVOID,AVOID
2026-10-02,AIAENG,Mid Cap,Capital Goods,3824.4,32.3,BUY,AVOID,AVOID
2026-10-02,APLAPOLLO,Mid Cap,Capital Goods,2115.7,44.8,SELL,BUY,INVESTABLE
2026-10-02,AUBANK,Mid Cap,Financial Services,987.0,36.8,SELL,AVOID,AVOID
2026-10-02,ABBOTINDIA,Mid Cap,Healthcare,26840.0,52.9,BUY,AVOID,INVESTABLE
2026-10-02,ATGL,Mid Cap,Oil Gas & Consumable Fuels,583.05,38.1,SELL,AVOID,AVOID
2026-10-02,ABCAPITAL,Mid Cap,Financial Services,375.05,37.9,SELL,AVOID,INVESTABLE
2026-10-02,AJANTPHARM,Mid Cap,Healthcare,3581.0,54.6,BUY,BUY,INVESTABLE
2026-10-02,ALKEM,Mid Cap,Healthcare,5220.0,46.1,SELL,AVOID,AVOID
2026-10-02,ANTHEM,Mid Cap,Healthcare,855.75,38.9,SELL,AVOID,INVESTABLE
2026-10-02,APARINDS,Mid Cap,Capital Goods,17648.0,52.1,SELL,BUY,INVESTABLE
2026-10-02,ASHOKLEY,Mid Cap,Capital Goods,150.48,31.5,BUY,AVOID,AVOID
2026-10-02,ASTERDM,Mid Cap,Healthcare,708.9,33.4,SELL,AVOID,AVOID
2026-10-02,ASTRAL,Mid Cap,Capital Goods,1344.0,31.3,BUY,AVOID,AVOID
2026-10-02,AUROPHARMA,Mid Cap,Healthcare,1676.8,50.1,SELL,BUY,INVESTABLE
2026-10-02,AIIL,Mid Cap,Financial Services,539.3,48.3,HOLD,AVOID,INVESTABLE
2026-10-02,BAJAJHFL,Mid Cap,Financial Services,82.91,47.0,SELL,AVOID,AVOID
2026-10-02,BALKRISIND,Mid Cap,Automobile and Auto Components,2083.5,33.1,SELL,AVOID,AVOID
2026-10-02,BANKINDIA,Mid Cap,Financial Services,129.48,28.5,BUY,AVOID,AVOID
2026-10-02,MAHABANK,Mid Cap,Financial Services,80.5,45.7,SELL,AVOID,INVESTABLE
2026-10-02,BERGEPAINT,Mid Cap,Consumer Durables,452.4,39.2,SELL,AVOID,AVOID
2026-10-02,BDL,Mid Cap,Capital Goods,1087.9,29.9,BUY,AVOID,AVOID
2026-10-02,BHARATFORG,Mid Cap,Automobile and Auto Components,1875.0,34.7,SELL,AVOID,INVESTABLE
2026-10-02,BHEL,Mid Cap,Capital Goods,421.0,49.7,SELL,BUY,INVESTABLE
2026-10-02,BHARTIHEXA,Mid Cap,Telecommunication,1379.2,30.2,BUY,AVOID,AVOID
2026-10-02,GROWW,Mid Cap,Financial Services,180.11,32.4,BUY,AVOID,AVOID
2026-10-02,BIOCON,Mid Cap,Healthcare,370.7,33.6,SELL,AVOID,AVOID
2026-10-02,BLUESTARCO,Mid Cap,Consumer Durables,1459.6,41.1,SELL,AVOID,AVOID
2026-10-02,CRISIL,Mid Cap,Financial Services,4428.6,40.7,SELL,AVOID,INVESTABLE
2026-10-02,COCHINSHIP,Mid Cap,Capital Goods,1287.0,33.7,SELL,AVOID,AVOID
2026-10-02,COFORGE,Mid Cap,Information Technology,1826.0,52.1,BUY,BUY,INVESTABLE
2026-10-02,COLPAL,Mid Cap,Fast Moving Consumer Goods,1735.0,31.8,BUY,AVOID,AVOID
2026-10-02,CONCOR,Mid Cap,Services,442.0,28.9,BUY,AVOID,AVOID
2026-10-02,COROMANDEL,Mid Cap,Chemicals,1763.6,28.4,BUY,AVOID,AVOID
2026-10-02,DABUR,Mid Cap,Fast Moving Consumer Goods,374.25,35.4,SELL,AVOID,AVOID
2026-10-02,DALBHARAT,Mid Cap,Construction Materials,1682.1,40.9,SELL,AVOID,AVOID
2026-10-02,DIXON,Mid Cap,Consumer Durables,12700.0,34.3,SELL,AVOID,INVESTABLE
2026-10-02,EMBASSY,Mid Cap,Realty,428.71,31.7,BUY,AVOID,INVESTABLE
2026-10-02,ENDURANCE,Mid Cap,Automobile and Auto Components,2601.4,36.0,SELL,AVOID,INVESTABLE
2026-10-02,ESCORTS,Mid Cap,Capital Goods,2667.3,27.3,BUY,AVOID,AVOID
2026-10-02,ACC,Small Cap,Construction Materials,1182.8,27.5,BUY,AVOID,AVOID
2026-10-02,ACMESOLAR,Small Cap,Power,432.55,56.4,BUY,BUY,INVESTABLE
2026-10-02,AWL,Small Cap,Fast Moving Consumer Goods,175.43,30.6,BUY,AVOID,AVOID
2026-10-02,AADHARHFC,Small Cap,Financial Services,448.4,42.9,SELL,AVOID,AVOID
2026-10-02,AARTIIND,Small Cap,Chemicals,465.1,36.5,SELL,AVOID,INVESTABLE
2026-10-02,AAVAS,Small Cap,Financial Services,1190.9,30.1,BUY,AVOID,AVOID
2026-10-02,ACE,Small Cap,Capital Goods,1212.3,58.1,BUY,BUY,INVESTABLE
2026-10-02,ACUTAAS,Small Cap,Healthcare,3196.5,45.3,SELL,AVOID,INVESTABLE
2026-10-02,ABREL,Small Cap,Realty,1100.5,22.3,BUY,AVOID,AVOID
2026-10-02,ABSLAMC,Small Cap,Financial Services,991.7,42.5,SELL,AVOID,INVESTABLE
2026-10-02,CPPLUS,Small Cap,Capital Goods,3799.6,55.8,BUY,BUY,INVESTABLE
2026-10-02,AEGISLOG,Small Cap,Oil Gas & Consumable Fuels,1401.1,55.6,BUY,BUY,INVESTABLE
2026-10-02,AEGISVOPAK,Small Cap,Oil Gas & Consumable Fuels,290.75,49.0,SELL,BUY,INVESTABLE
2026-10-02,AETHER,Small Cap,Chemicals,1670.0,52.1,BUY,BUY,INVESTABLE
2026-10-02,AFCONS,Small Cap,Construction,242.39,31.5,BUY,AVOID,AVOID
2026-10-02,AFFLE,Small Cap,Information Technology,1449.6,31.3,BUY,AVOID,AVOID
2026-10-02,ABDL,Small Cap,Fast Moving Consumer Goods,679.45,56.9,BUY,BUY,INVESTABLE
2026-10-02,ARE&M,Small Cap,Automobile and Auto Components,747.4,21.5,BUY,AVOID,AVOID
2026-10-02,AMBER,Small Cap,Consumer Durables,6500.0,29.1,BUY,AVOID,AVOID
2026-10-02,ANANDRATHI,Small Cap,Financial Services,2117.5,40.2,SELL,AVOID,INVESTABLE
2026-10-02,ANANTRAJ,Small Cap,Realty,577.85,39.0,SELL,AVOID,INVESTABLE
2026-10-02,ANGELONE,Small Cap,Financial Services,276.8,37.2,SELL,AVOID,AVOID
2026-10-02,ANURAS,Small Cap,Chemicals,1163.7,38.2,SELL,AVOID,AVOID
2026-10-02,APOLLOTYRE,Small Cap,Automobile and Auto Components,404.75,42.9,SELL,AVOID,AVOID
2026-10-02,APTUS,Small Cap,Financial Services,226.4,31.3,BUY,AVOID,AVOID
2026-10-02,ASAHIINDIA,Small Cap,Automobile and Auto Components,944.25,47.0,SELL,BUY,INVESTABLE
2026-10-02,ATHERENERG,Small Cap,Automobile and Auto Components,1406.1,37.4,SELL,AVOID,INVESTABLE
2026-10-02,ATUL,Small Cap,Chemicals,5861.0,28.7,BUY,AVOID,AVOID
2026-10-02,AVANTIFEED,Small Cap,Fast Moving Consumer Goods,711.55,27.5,BUY,AVOID,AVOID
2026-10-02,AZAD,Small Cap,Capital Goods,2860.9,56.1,BUY,BUY,INVESTABLE
2026-10-02,BEML,Small Cap,Capital Goods,1962.3,46.0,SELL,BUY,INVESTABLE
2026-10-02,BLS,Small Cap,Consumer Services,216.51,29.0,BUY,AVOID,AVOID
2026-10-02,BALRAMCHIN,Small Cap,Fast Moving Consumer Goods,649.05,43.5,SELL,AVOID,INVESTABLE
2026-10-02,BANDHANBNK,Small Cap,Financial Services,176.0,48.6,SELL,BUY,AVOID
2026-10-02,BATAINDIA,Small Cap,Consumer Durables,613.0,26.2,BUY,AVOID,AVOID
2026-10-02,BELRISE,Small Cap,Automobile and Auto Components,237.5,49.7,HOLD,BUY,INVESTABLE
2026-10-02,BHARATCOAL,Small Cap,Oil Gas & Consumable Fuels,31.75,38.7,SELL,AVOID,AVOID
2026-10-02,BSOFT,Small Cap,Information Technology,269.75,35.2,SELL,AVOID,AVOID
2026-10-02,BBOX,Small Cap,Information Technology,795.85,52.3,BUY,BUY,INVESTABLE
2026-10-05,ADANIENT,Large Cap,Metals & Mining,2864.0,43.8,SELL,AVOID,INVESTABLE
2026-10-05,ADANIPORTS,Large Cap,Services,1774.0,52.3,BUY,BUY,INVESTABLE
2026-10-05,APOLLOHOSP,Large Cap,Healthcare,7985.0,27.0,BUY,AVOID,AVOID
2026-10-05,ASIANPAINT,Large Cap,Consumer Durables,2366.0,31.2,BUY,AVOID,AVOID
2026-10-05,AXISBANK,Large Cap,Financial Services,1222.2,46.1,SELL,AVOID,AVOID
2026-10-05,BSE,Large Cap,Financial Services,3179.6,45.8,SELL,AVOID,AVOID
2026-10-05,BAJAJ-AUTO,Large Cap,Automobile and Auto Components,10024.0,21.1,BUY,AVOID,AVOID
2026-10-05,BAJFINANCE,Large Cap,Financial Services,970.0,38.8,SELL,AVOID,AVOID
2026-10-05,BAJAJFINSV,Large Cap,Financial Services,1751.4,30.2,BUY,AVOID,AVOID
2026-10-05,BEL,Large Cap,Capital Goods,384.85,38.6,SELL,AVOID,AVOID
2026-10-05,BHARTIARTL,Large Cap,Telecommunication,1779.9,41.5,SELL,AVOID,AVOID
2026-10-05,CIPLA,Large Cap,Healthcare,1335.5,32.8,BUY,AVOID,AVOID
2026-10-05,COALINDIA,Large Cap,Oil Gas & Consumable Fuels,425.1,55.8,BUY,BUY,AVOID
2026-10-05,DRREDDY,Large Cap,Healthcare,1203.0,53.0,BUY,BUY,AVOID
2026-10-05,EICHERMOT,Large Cap,Automobile and Auto Components,7021.5,26.9,BUY,AVOID,AVOID
2026-10-05,ETERNAL,Large Cap,Consumer Services,320.8,46.6,SELL,AVOID,INVESTABLE
2026-10-05,GRASIM,Large Cap,Construction Materials,2972.0,29.3,BUY,AVOID,AVOID
2026-10-05,HCLTECH,Large Cap,Information Technology,1201.9,37.9,SELL,AVOID,AVOID
2026-10-05,HDFCBANK,Large Cap,Financial Services,704.8,42.6,SELL,AVOID,AVOID
2026-10-05,HDFCLIFE,Large Cap,Financial Services,531.0,46.9,SELL,AVOID,AVOID
2026-10-05,HINDALCO,Large Cap,Metals & Mining,938.4,34.7,SELL,AVOID,AVOID
2026-10-05,HINDUNILVR,Large Cap,Fast Moving Consumer Goods,1838.4,29.8,BUY,AVOID,AVOID
2026-10-05,ICICIBANK,Large Cap,Financial Services,1332.0,42.1,SELL,AVOID,AVOID
2026-10-05,ITC,Large Cap,Fast Moving Consumer Goods,268.9,53.1,BUY,AVOID,AVOID
2026-10-05,INFY,Large Cap,Information Technology,1020.5,41.8,SELL,AVOID,AVOID
2026-10-05,INDIGO,Large Cap,Services,4935.0,46.8,HOLD,AVOID,INVESTABLE
2026-10-05,JSWSTEEL,Large Cap,Metals & Mining,1235.3,39.6,SELL,AVOID,INVESTABLE
2026-10-05,JIOFIN,Large Cap,Financial Services,212.0,22.5,BUY,AVOID,AVOID
2026-10-05,KOTAKBANK,Large Cap,Financial Services,416.0,54.9,BUY,BUY,INVESTABLE
2026-10-05,LT,Large Cap,Construction,3750.0,38.2,SELL,AVOID,AVOID
2026-10-05,M&M,Large Cap,Automobile and Auto Components,2857.6,22.8,BUY,AVOID,AVOID
2026-10-05,MARUTI,Large Cap,Automobile and Auto Components,11532.0,27.5,BUY,AVOID,AVOID
2026-10-05,MAXHEALTH,Large Cap,Healthcare,917.0,27.9,BUY,AVOID,AVOID
2026-10-05,NTPC,Large Cap,Power,321.8,42.3,SELL,AVOID,AVOID
2026-10-05,NESTLEIND,Large Cap,Fast Moving Consumer Goods,1297.1,28.6,BUY,AVOID,AVOID
2026-10-05,ONGC,Large Cap,Oil Gas & Consumable Fuels,224.9,36.4,SELL,AVOID,AVOID
2026-10-05,POWERGRID,Large Cap,Power,257.0,38.8,SELL,AVOID,AVOID
2026-10-05,RELIANCE,Large Cap,Oil Gas & Consumable Fuels,1186.4,34.9,SELL,AVOID,AVOID
2026-10-05,SBILIFE,Large Cap,Financial Services,1709.5,44.5,SELL,AVOID,AVOID
2026-10-05,SHRIRAMFIN,Large Cap,Financial Services,971.4,39.0,SELL,AVOID,AVOID
2026-10-05,360ONE,Mid Cap,Financial Services,1050.0,39.4,SELL,AVOID,AVOID
2026-10-05,AIAENG,Mid Cap,Capital Goods,3863.2,36.1,SELL,AVOID,AVOID
2026-10-05,APLAPOLLO,Mid Cap,Capital Goods,2099.8,43.1,SELL,AVOID,INVESTABLE
2026-10-05,AUBANK,Mid Cap,Financial Services,1029.2,48.1,SELL,AVOID,INVESTABLE
2026-10-05,ABBOTINDIA,Mid Cap,Healthcare,26240.0,45.3,SELL,AVOID,AVOID
2026-10-05,ATGL,Mid Cap,Oil Gas & Consumable Fuels,583.25,38.2,SELL,AVOID,AVOID
2026-10-05,ABCAPITAL,Mid Cap,Financial Services,377.4,39.8,SELL,AVOID,INVESTABLE
2026-10-05,AJANTPHARM,Mid Cap,Healthcare,3486.0,44.6,SELL,AVOID,INVESTABLE
2026-10-05,ALKEM,Mid Cap,Healthcare,5192.5,44.7,SELL,AVOID,AVOID
2026-10-05,ANTHEM,Mid Cap,Healthcare,851.9,38.0,SELL,AVOID,INVESTABLE
2026-10-05,APARINDS,Mid Cap,Capital Goods,18102.0,56.1,BUY,BUY,INVESTABLE
2026-10-05,ASHOKLEY,Mid Cap,Capital Goods,152.6,36.0,SELL,AVOID,AVOID
2026-10-05,ASTERDM,Mid Cap,Healthcare,691.5,29.9,BUY,AVOID,AVOID
2026-10-05,ASTRAL,Mid Cap,Capital Goods,1362.1,36.9,SELL,AVOID,AVOID
2026-10-05,AUROPHARMA,Mid Cap,Healthcare,1674.9,49.7,SELL,BUY,INVESTABLE
2026-10-05,AIIL,Mid Cap,Financial Services,551.6,52.7,BUY,BUY,INVESTABLE
2026-10-05,BAJAJHFL,Mid Cap,Financial Services,82.79,46.4,SELL,AVOID,AVOID
2026-10-05,BALKRISIND,Mid Cap,Automobile and Auto Components,2066.5,31.6,BUY,AVOID,AVOID
2026-10-05,BANKINDIA,Mid Cap,Financial Services,133.5,41.0,SELL,AVOID,AVOID
2026-10-05,MAHABANK,Mid Cap,Financial Services,80.9,46.8,SELL,AVOID,INVESTABLE
2026-10-05,BERGEPAINT,Mid Cap,Consumer Durables,458.4,43.6,HOLD,AVOID,AVOID
2026-10-05,BDL,Mid Cap,Capital Goods,1096.2,32.2,BUY,AVOID,AVOID
2026-10-05,BHARATFORG,Mid Cap,Automobile and Auto Components,1833.0,30.9,BUY,AVOID,AVOID
2026-10-05,BHEL,Mid Cap,Capital Goods,429.0,54.4,BUY,BUY,INVESTABLE
2026-10-05,BHARTIHEXA,Mid Cap,Telecommunication,1383.1,31.1,BUY,AVOID,AVOID
2026-10-05,GROWW,Mid Cap,Financial Services,187.05,45.7,SELL,AVOID,INVESTABLE
2026-10-05,BIOCON,Mid Cap,Healthcare,369.8,33.1,SELL,AVOID,AVOID
2026-10-05,BLUESTARCO,Mid Cap,Consumer Durables,1510.0,48.2,SELL,AVOID,AVOID
2026-10-05,CRISIL,Mid Cap,Financial Services,4505.8,46.4,SELL,AVOID,INVESTABLE
2026-10-05,COCHINSHIP,Mid Cap,Capital Goods,1283.8,33.3,SELL,AVOID,AVOID
2026-10-05,COFORGE,Mid Cap,Information Technology,1852.0,55.2,BUY,BUY,INVESTABLE
2026-10-05,COLPAL,Mid Cap,Fast Moving Consumer Goods,1775.0,39.4,SELL,AVOID,AVOID
2026-10-05,CONCOR,Mid Cap,Services,441.45,28.7,BUY,AVOID,AVOID
2026-10-05,COROMANDEL,Mid Cap,Chemicals,1801.4,35.2,SELL,AVOID,AVOID
2026-10-05,DABUR,Mid Cap,Fast Moving Consumer Goods,378.65,41.6,SELL,AVOID,AVOID
2026-10-05,DALBHARAT,Mid Cap,Construction Materials,1673.7,39.8,SELL,AVOID,AVOID
2026-10-05,DIXON,Mid Cap,Consumer Durables,12748.0,35.5,SELL,AVOID,INVESTABLE
2026-10-05,EMBASSY,Mid Cap,Realty,428.71,31.7,BUY,AVOID,INVESTABLE
2026-10-05,ENDURANCE,Mid Cap,Automobile and Auto Components,2526.5,30.7,BUY,AVOID,AVOID
2026-10-05,ESCORTS,Mid Cap,Capital Goods,2820.9,46.7,SELL,AVOID,AVOID
2026-10-05,ACC,Small Cap,Construction Materials,1184.4,28.2,BUY,AVOID,AVOID
2026-10-05,ACMESOLAR,Small Cap,Power,427.65,53.3,BUY,BUY,INVESTABLE
2026-10-05,AWL,Small Cap,Fast Moving Consumer Goods,176.15,32.6,BUY,AVOID,AVOID
2026-10-05,AADHARHFC,Small Cap,Financial Services,453.7,46.4,SELL,AVOID,AVOID
2026-10-05,AARTIIND,Small Cap,Chemicals,470.85,40.1,SELL,AVOID,INVESTABLE
2026-10-05,AAVAS,Small Cap,Financial Services,1219.5,37.6,SELL,AVOID,AVOID
2026-10-05,ACE,Small Cap,Capital Goods,1227.5,60.9,BUY,BUY,INVESTABLE
2026-10-05,ACUTAAS,Small Cap,Healthcare,3122.2,41.6,SELL,AVOID,INVESTABLE
2026-10-05,ABREL,Small Cap,Realty,1082.6,21.0,BUY,AVOID,AVOID
2026-10-05,ABSLAMC,Small Cap,Financial Services,1028.55,50.0,SELL,BUY,INVESTABLE
2026-10-05,CPPLUS,Small Cap,Capital Goods,3989.5,62.6,BUY,BUY,INVESTABLE
2026-10-05,AEGISLOG,Small Cap,Oil Gas & Consumable Fuels,1359.5,51.2,BUY,BUY,INVESTABLE
2026-10-05,AEGISVOPAK,Small Cap,Oil Gas & Consumable Fuels,297.55,53.2,SELL,BUY,INVESTABLE
2026-10-05,AETHER,Small Cap,Chemicals,1661.0,50.8,BUY,BUY,INVESTABLE
2026-10-05,AFCONS,Small Cap,Construction,241.5,31.0,BUY,AVOID,AVOID
2026-10-05,AFFLE,Small Cap,Information Technology,1443.8,30.7,BUY,AVOID,AVOID
2026-10-05,ABDL,Small Cap,Fast Moving Consumer Goods,696.75,61.1,BUY,BUY,INVESTABLE
2026-10-05,ARE&M,Small Cap,Automobile and Auto Components,741.6,20.5,BUY,AVOID,AVOID
2026-10-05,AMBER,Small Cap,Consumer Durables,6585.0,33.2,SELL,AVOID,AVOID
2026-10-05,ANANDRATHI,Small Cap,Financial Services,2132.0,43.6,SELL,AVOID,INVESTABLE
2026-10-05,ANANTRAJ,Small Cap,Realty,587.4,43.3,SELL,AVOID,INVESTABLE
2026-10-05,ANGELONE,Small Cap,Financial Services,285.2,45.5,SELL,AVOID,AVOID
2026-10-05,ANURAS,Small Cap,Chemicals,1164.4,38.5,SELL,AVOID,AVOID
2026-10-05,APOLLOTYRE,Small Cap,Automobile and Auto Components,401.6,40.9,SELL,AVOID,AVOID
2026-10-05,APTUS,Small Cap,Financial Services,223.65,29.7,BUY,AVOID,AVOID
2026-10-05,ASAHIINDIA,Small Cap,Automobile and Auto Components,945.75,47.6,SELL,BUY,INVESTABLE
2026-10-05,ATHERENERG,Small Cap,Automobile and Auto Components,1409.9,38.0,SELL,AVOID,INVESTABLE
2026-10-05,ATUL,Small Cap,Chemicals,5856.0,28.5,BUY,AVOID,AVOID
2026-10-05,AVANTIFEED,Small Cap,Fast Moving Consumer Goods,711.1,27.4,BUY,AVOID,AVOID
2026-10-05,AZAD,Small Cap,Capital Goods,2927.2,59.4,BUY,BUY,INVESTABLE
2026-10-05,BEML,Small Cap,Capital Goods,1970.4,47.0,SELL,BUY,INVESTABLE
2026-10-05,BLS,Small Cap,Consumer Services,215.75,28.4,BUY,AVOID,AVOID
2026-10-05,BALRAMCHIN,Small Cap,Fast Moving Consumer Goods,671.5,50.1,SELL,BUY,INVESTABLE
2026-10-05,BANDHANBNK,Small Cap,Financial Services,168.27,41.9,SELL,AVOID,AVOID
2026-10-05,BATAINDIA,Small Cap,Consumer Durables,611.05,25.5,BUY,AVOID,AVOID
2026-10-05,BELRISE,Small Cap,Automobile and Auto Components,231.12,43.0,SELL,AVOID,INVESTABLE
2026-10-05,BHARATCOAL,Small Cap,Oil Gas & Consumable Fuels,31.88,40.1,SELL,AVOID,AVOID
2026-10-05,BSOFT,Small Cap,Information Technology,276.0,43.4,SELL,AVOID,AVOID
2026-10-05,BBOX,Small Cap,Information Technology,812.5,55.6,BUY,BUY,INVESTABLE
2026-10-06,ADANIENT,Large Cap,Metals & Mining,2849.9,43.2,SELL,AVOID,INVESTABLE
2026-10-06,ADANIPORTS,Large Cap,Services,1783.4,53.8,BUY,BUY,INVESTABLE
2026-10-06,APOLLOHOSP,Large Cap,Healthcare,7914.5,25.5,BUY,AVOID,AVOID
2026-10-06,ASIANPAINT,Large Cap,Consumer Durables,2424.2,42.9,SELL,AVOID,AVOID
2026-10-06,AXISBANK,Large Cap,Financial Services,1248.0,53.8,BUY,BUY,AVOID
2026-10-06,BSE,Large Cap,Financial Services,3305.0,53.4,BUY,AVOID,AVOID
2026-10-06,BAJAJ-AUTO,Large Cap,Automobile and Auto Components,10017.0,21.0,BUY,AVOID,AVOID
2026-10-06,BAJFINANCE,Large Cap,Financial Services,963.1,37.9,SELL,AVOID,AVOID
2026-10-06,BAJAJFINSV,Large Cap,Financial Services,1752.4,30.8,BUY,AVOID,AVOID
2026-10-06,BEL,Large Cap,Capital Goods,387.4,42.0,SELL,AVOID,AVOID
2026-10-06,BHARTIARTL,Large Cap,Telecommunication,1810.5,48.4,HOLD,AVOID,AVOID
2026-10-06,CIPLA,Large Cap,Healthcare,1340.2,35.0,SELL,AVOID,AVOID
2026-10-06,COALINDIA,Large Cap,Oil Gas & Consumable Fuels,411.65,43.9,SELL,AVOID,AVOID
2026-10-06,DRREDDY,Large Cap,Healthcare,1208.0,54.4,BUY,BUY,AVOID
2026-10-06,EICHERMOT,Large Cap,Automobile and Auto Components,7051.0,29.1,BUY,AVOID,AVOID
2026-10-06,ETERNAL,Large Cap,Consumer Services,329.0,54.6,BUY,BUY,INVESTABLE
2026-10-06,GRASIM,Large Cap,Construction Materials,2969.0,29.1,BUY,AVOID,AVOID
2026-10-06,HCLTECH,Large Cap,Information Technology,1204.4,38.2,SELL,AVOID,AVOID
2026-10-06,HDFCBANK,Large Cap,Financial Services,711.45,45.6,SELL,AVOID,AVOID
2026-10-06,HDFCLIFE,Large Cap,Financial Services,543.95,52.8,BUY,BUY,AVOID
2026-10-06,HINDALCO,Large Cap,Metals & Mining,940.5,35.7,SELL,AVOID,AVOID
2026-10-06,HINDUNILVR,Large Cap,Fast Moving Consumer Goods,1895.2,43.7,SELL,AVOID,AVOID
2026-10-06,ICICIBANK,Large Cap,Financial Services,1342.8,46.5,HOLD,AVOID,AVOID
2026-10-06,ITC,Large Cap,Fast Moving Consumer Goods,266.7,51.5,BUY,AVOID,AVOID
2026-10-06,INFY,Large Cap,Information Technology,1013.85,40.1,SELL,AVOID,AVOID
2026-10-06,INDIGO,Large Cap,Services,5050.5,54.7,BUY,AVOID,INVESTABLE
2026-10-06,JSWSTEEL,Large Cap,Metals & Mining,1259.6,47.4,SELL,AVOID,INVESTABLE
2026-10-06,JIOFIN,Large Cap,Financial Services,217.9,36.2,SELL,AVOID,AVOID
2026-10-06,KOTAKBANK,Large Cap,Financial Services,431.9,66.1,HOLD,BUY,INVESTABLE
2026-10-06,LT,Large Cap,Construction,3770.0,41.1,SELL,AVOID,AVOID
2026-10-06,M&M,Large Cap,Automobile and Auto Components,2855.0,22.7,BUY,AVOID,AVOID
2026-10-06,MARUTI,Large Cap,Automobile and Auto Components,11625.0,31.0,BUY,AVOID,AVOID
2026-10-06,MAXHEALTH,Large Cap,Healthcare,902.5,25.8,BUY,AVOID,AVOID
2026-10-06,NTPC,Large Cap,Power,321.45,41.9,SELL,AVOID,AVOID
2026-10-06,NESTLEIND,Large Cap,Fast Moving Consumer Goods,1341.4,42.2,SELL,AVOID,AVOID
2026-10-06,ONGC,Large Cap,Oil Gas & Consumable Fuels,224.2,35.9,SELL,AVOID,AVOID
2026-10-06,POWERGRID,Large Cap,Power,257.2,39.4,SELL,AVOID,AVOID
2026-10-06,RELIANCE,Large Cap,Oil Gas & Consumable Fuels,1218.0,45.6,SELL,AVOID,AVOID
2026-10-06,SBILIFE,Large Cap,Financial Services,1750.0,52.1,BUY,AVOID,AVOID
2026-10-06,SHRIRAMFIN,Large Cap,Financial Services,965.05,38.2,SELL,AVOID,AVOID
2026-10-06,360ONE,Mid Cap,Financial Services,1069.5,46.0,HOLD,AVOID,AVOID
2026-10-06,AIAENG,Mid Cap,Capital Goods,3914.7,40.9,SELL,AVOID,AVOID
2026-10-06,APLAPOLLO,Mid Cap,Capital Goods,2152.0,49.9,SELL,BUY,INVESTABLE
2026-10-06,AUBANK,Mid Cap,Financial Services,1028.0,48.5,SELL,AVOID,INVESTABLE
2026-10-06,ABBOTINDIA,Mid Cap,Healthcare,26115.0,43.3,SELL,AVOID,AVOID
2026-10-06,ATGL,Mid Cap,Oil Gas & Consumable Fuels,588.45,40.7,SELL,AVOID,AVOID
2026-10-06,ABCAPITAL,Mid Cap,Financial Services,378.9,41.3,SELL,AVOID,INVESTABLE
2026-10-06,AJANTPHARM,Mid Cap,Healthcare,3573.4,53.1,BUY,BUY,INVESTABLE
2026-10-06,ALKEM,Mid Cap,Healthcare,5292.0,50.8,BUY,AVOID,AVOID
2026-10-06,ANTHEM,Mid Cap,Healthcare,890.35,51.2,SELL,BUY,INVESTABLE
2026-10-06,APARINDS,Mid Cap,Capital Goods,18016.0,55.4,BUY,BUY,INVESTABLE
2026-10-06,ASHOKLEY,Mid Cap,Capital Goods,153.7,38.7,SELL,AVOID,AVOID
2026-10-06,ASTERDM,Mid Cap,Healthcare,684.7,28.6,BUY,AVOID,AVOID
2026-10-06,ASTRAL,Mid Cap,Capital Goods,1402.3,47.2,HOLD,AVOID,AVOID
2026-10-06,AUROPHARMA,Mid Cap,Healthcare,1692.8,53.9,BUY,BUY,INVESTABLE
2026-10-06,AIIL,Mid Cap,Financial Services,550.15,52.4,BUY,BUY,INVESTABLE
2026-10-06,BAJAJHFL,Mid Cap,Financial Services,82.36,44.3,SELL,AVOID,AVOID
2026-10-06,BALKRISIND,Mid Cap,Automobile and Auto Components,2082.7,34.6,SELL,AVOID,AVOID
2026-10-06,BANKINDIA,Mid Cap,Financial Services,132.16,39.1,SELL,AVOID,AVOID
2026-10-06,MAHABANK,Mid Cap,Financial Services,80.8,46.6,SELL,AVOID,INVESTABLE
2026-10-06,BERGEPAINT,Mid Cap,Consumer Durables,472.55,52.4,BUY,AVOID,AVOID
2026-10-06,BDL,Mid Cap,Capital Goods,1101.8,33.8,SELL,AVOID,AVOID
2026-10-06,BHARATFORG,Mid Cap,Automobile and Auto Components,1880.0,38.9,SELL,AVOID,INVESTABLE
2026-10-06,BHEL,Mid Cap,Capital Goods,452.0,65.4,HOLD,BUY,INVESTABLE
2026-10-06,BHARTIHEXA,Mid Cap,Telecommunication,1386.8,32.0,BUY,AVOID,AVOID
2026-10-06,GROWW,Mid Cap,Financial Services,193.19,55.4,BUY,BUY,INVESTABLE
2026-10-06,BIOCON,Mid Cap,Healthcare,369.1,32.6,BUY,AVOID,AVOID
2026-10-06,BLUESTARCO,Mid Cap,Consumer Durables,1571.5,56.2,BUY,BUY,AVOID
2026-10-06,CRISIL,Mid Cap,Financial Services,4523.3,47.6,SELL,AVOID,INVESTABLE
2026-10-06,COCHINSHIP,Mid Cap,Capital Goods,1282.0,33.1,SELL,AVOID,AVOID
2026-10-06,COFORGE,Mid Cap,Information Technology,1849.7,55.0,BUY,BUY,INVESTABLE
2026-10-06,COLPAL,Mid Cap,Fast Moving Consumer Goods,1809.4,46.0,SELL,AVOID,AVOID
2026-10-06,CONCOR,Mid Cap,Services,445.85,32.3,BUY,AVOID,AVOID
2026-10-06,COROMANDEL,Mid Cap,Chemicals,1788.3,34.0,SELL,AVOID,AVOID
2026-10-06,DABUR,Mid Cap,Fast Moving Consumer Goods,388.9,53.9,BUY,AVOID,AVOID
2026-10-06,DALBHARAT,Mid Cap,Construction Materials,1682.6,41.6,SELL,AVOID,AVOID
2026-10-06,DIXON,Mid Cap,Consumer Durables,13015.0,41.7,SELL,AVOID,INVESTABLE
2026-10-06,EMBASSY,Mid Cap,Realty,427.16,29.8,BUY,AVOID,INVESTABLE
2026-10-06,ENDURANCE,Mid Cap,Automobile and Auto Components,2516.0,30.1,BUY,AVOID,AVOID
2026-10-06,ESCORTS,Mid Cap,Capital Goods,2811.7,46.9,SELL,AVOID,AVOID
2026-10-06,ACC,Small Cap,Construction Materials,1177.0,26.8,BUY,AVOID,AVOID
2026-10-06,ACMESOLAR,Small Cap,Power,448.2,62.9,BUY,BUY,INVESTABLE
2026-10-06,AWL,Small Cap,Fast Moving Consumer Goods,185.93,53.5,BUY,AVOID,AVOID
2026-10-06,AADHARHFC,Small Cap,Financial Services,453.8,46.5,SELL,AVOID,AVOID
2026-10-06,AARTIIND,Small Cap,Chemicals,481.15,46.0,SELL,AVOID,INVESTABLE
2026-10-06,AAVAS,Small Cap,Financial Services,1215.1,37.0,SELL,AVOID,AVOID
2026-10-06,ACE,Small Cap,Capital Goods,1252.2,65.0,BUY,BUY,INVESTABLE
2026-10-06,ACUTAAS,Small Cap,Healthcare,3156.7,43.8,SELL,AVOID,INVESTABLE
2026-10-06,ABREL,Small Cap,Realty,1078.0,20.7,BUY,AVOID,AVOID
2026-10-06,ABSLAMC,Small Cap,Financial Services,1009.65,46.9,SELL,AVOID,INVESTABLE
2026-10-06,CPPLUS,Small Cap,Capital Goods,3976.0,62.3,BUY,BUY,INVESTABLE
2026-10-06,AEGISLOG,Small Cap,Oil Gas & Consumable Fuels,1395.9,54.5,BUY,BUY,INVESTABLE
2026-10-06,AEGISVOPAK,Small Cap,Oil Gas & Consumable Fuels,293.35,50.5,SELL,BUY,INVESTABLE
2026-10-06,AETHER,Small Cap,Chemicals,1799.8,65.1,HOLD,BUY,INVESTABLE
2026-10-06,AFCONS,Small Cap,Construction,242.15,31.9,BUY,AVOID,AVOID
2026-10-06,AFFLE,Small Cap,Information Technology,1450.2,32.2,BUY,AVOID,AVOID
2026-10-06,ABDL,Small Cap,Fast Moving Consumer Goods,714.65,64.9,BUY,BUY,INVESTABLE
2026-10-06,ARE&M,Small Cap,Automobile and Auto Components,742.9,21.4,BUY,AVOID,AVOID
2026-10-06,AMBER,Small Cap,Consumer Durables,6869.0,44.9,SELL,AVOID,AVOID
2026-10-06,ANANDRATHI,Small Cap,Financial Services,2142.0,46.0,SELL,AVOID,INVESTABLE
2026-10-06,ANANTRAJ,Small Cap,Realty,608.9,51.5,BUY,AVOID,INVESTABLE
2026-10-06,ANGELONE,Small Cap,Financial Services,295.0,54.1,BUY,BUY,INVESTABLE
2026-10-06,ANURAS,Small Cap,Chemicals,1170.2,40.9,SELL,AVOID,AVOID
2026-10-06,APOLLOTYRE,Small Cap,Automobile and Auto Components,401.55,40.8,SELL,AVOID,AVOID
2026-10-06,APTUS,Small Cap,Financial Services,223.9,30.0,BUY,AVOID,AVOID
2026-10-06,ASAHIINDIA,Small Cap,Automobile and Auto Components,956.95,51.9,SELL,BUY,INVESTABLE
2026-10-06,ATHERENERG,Small Cap,Automobile and Auto Components,1446.0,43.6,SELL,AVOID,INVESTABLE
2026-10-06,ATUL,Small Cap,Chemicals,6000.0,41.0,SELL,AVOID,AVOID
2026-10-06,AVANTIFEED,Small Cap,Fast Moving Consumer Goods,714.1,28.9,BUY,AVOID,AVOID
2026-10-06,AZAD,Small Cap,Capital Goods,3062.6,65.7,HOLD,BUY,INVESTABLE
2026-10-06,BEML,Small Cap,Capital Goods,2042.2,55.0,BUY,BUY,INVESTABLE
2026-10-06,BLS,Small Cap,Consumer Services,223.97,42.7,SELL,AVOID,AVOID
2026-10-06,BALRAMCHIN,Small Cap,Fast Moving Consumer Goods,691.3,55.8,BUY,BUY,INVESTABLE
2026-10-06,BANDHANBNK,Small Cap,Financial Services,164.15,38.3,SELL,AVOID,AVOID
2026-10-06,BATAINDIA,Small Cap,Consumer Durables,619.85,34.3,SELL,AVOID,AVOID
2026-10-06,BELRISE,Small Cap,Automobile and Auto Components,236.81,49.5,HOLD,AVOID,INVESTABLE
2026-10-06,BHARATCOAL,Small Cap,Oil Gas & Consumable Fuels,32.05,42.2,SELL,AVOID,AVOID
2026-10-06,BSOFT,Small Cap,Information Technology,279.45,47.3,HOLD,AVOID,AVOID
2026-10-06,BBOX,Small Cap,Information Technology,839.95,60.5,BUY,BUY,INVESTABLE
